point,doc
10,몰입감 최고 마녀2 너무 재미있었어용!
10,긴장감 있게 잘 봤네요 쿠키도 무조건 보고 나오세요ㅋㅋ
10,
10,"후반에 액션이 진짜 미쳤어요. 진구님의 연기가 일품입니다,"
10,끝날때까지 긴장감!!! 지루함을 느끼지 못할 영상미에 치이고 갑니다!!
10,
1,1408대1 경쟁률 뚫은것치곤...아니 진짜 뚫은건지 의심하면서 보게되는 영화...
10,"진짜 재밌었고, 전편보다 더 화려해진 액션신들 덕분에 잘 봤습니다!"
10,1편을 넘 재밌게 봐서 2편도 재밌게 봤습니다
8,기대 이상은 아니지만 그래도 재밌음. 3탄 기대
10,최근 3년간 최고의 영화
10,나 태어나서 본영화중 제일재밌었음 꿈에그리던영화임 스파이더맨 아이언맨 그런영화보더 훠얼씬 재밌음 진짜 역대급 너무최고최고입니다. 적극추천 슈퍼울트라울트라메가톤급 추천
10,가슴을 뻥 뚫어주는 액션영화 추천이요마지막까지 보고 쿠키영상 꼭 보세요3편도 기대합니다~
10,진짜너무재밌잖아ㅋㅋㅡㅡ;
10,"세번을 봤는데 볼때마다 새로운 게 보이는 영화.공포 영화적 요소가 없는건 아닌데 스릴러물에 더 가깝다고 봄. 영화개봉시기에 잡음이 있어서 묻혀가지고 너무 아쉬운영화입니다. 7점대 평점에 볼까말까 고민하지마시고 진짜 한번 봐보세요. 검은사제들보다 더 나으면 낫지, 못하지않고 중간중간 나오는 모든 복선들의 깔끔한 회수까지 진짜 일품입니다"
10,신시아배우님 데뷔작으로 눈도장 제대로 찍었네여ㅋㅋㅋ
9,안 좋은 평점 때문에 큰 기대하지 않고 봤는데 영상이랑 액션도 좋았고 옛 주인공 나오는 것도 좋았습니다.  4dx에서 봐서 더 좋게 본걸수도 있습니다.
10,역시 마녀는 오로지 구자윤뿐이라는걸 다시한번 느낌.김다미가 다했음.진짜 마지막 자윤등장으로 모든걸 정리함.소녀역은 한게없어 주인공이라 말하기도 민망...거기다 많은 등장인물중 1편 귀공자 만큼 매력있는 캐릭터가없어....마녀옆에 귀공자 돌려보내줘.
10,강추 강추 스토리 연기 짱짱 지루할 틈 없이 너무 너무 좋았어용 특히 배우 김다미님 좋아해용??
6,기대가 너무 커서 그런지 조금 아쉽네요.
2,아이유...선택이 이정도 인가욤 중간에 나옴
10,액션신 대박이에요.. 한순간도 지루하지 않앗슴니당 ㅎㅎ
10,
8,좀 옛날 영화같은 이야기 진행과 연출이지만 뭐 한 번 쯤 할 일 없을 때 보는 거 나쁘지 않습니다. 전 잘 봤습니다.
8,욕만 줄였어도 더 좋았을텐데 욕이 쓸데없이 너무 많습니다.
1,"대사도 오글거리고 쓸데없는 연출이 너무 많음, 밥을 많이 먹는다던가 그걸 부각시킬려고 남매끼리 갑분 욕하고 싸우는데 오그라들기만함. 액션신도 진부하고 1편에 비해 그냥 졸작수준의 영화입니다. 박은빈이라는 배우는 매력도 없고 연기도 못하는데 왜 계속 써주는지 궁금하네요, 그냥 굳이 극장가서 안봐도 되는 영화임."
10,서은수 이쁘고 액션 좋더라
6,첨엔 한참 지루하다가 볼만하니까 끝났네요 후... 마녀3때문에 마지막을 그렇게 끝낸건가욥...에혀 너무 기대를 했나봐요 김다미배우님이 연기를 잘하셔서 그나마 볼만합니다요
8,"태어나줘서 고마워 00야. 토닥토닥  그 대사가 가슴을 따뜻하게 해주는 영화.  미혼모, 미성년자 성매매에 관하여 사회에 던지는 강한 메세지가 있다. 그들을 결코 혼자버려두어서는 안된다는걸."
7,연기자들이 연기를 너무 못합니다. 고레에다 히로카즈 작품이라 별 반 개 더 해서 드립니다...
7,마녀1을 넘지 못한 범작
5,초반 인트로 길가메쉬 펀치는 그냥 범죄도시 펀취력 그대로 가져왔네  범죄도시는 저정도 펀치가 과하게 느껴져서 시원하게 재밌다면 마블에서의 펀치는 힘좀쓰는 일반인 느낌이라 너무 어이없음 나중에도 헐크랑 아이언맨헐크버스터 느낌만 났어도 스토리 무시하고 별점 8점을 줬을텐데액션에 목말라있는 나에겐 너무 언밸런스
1,1편보다 대사는 더 오글거려졌고 스토리는 진짜 짜임새가 하나도 없음 앞서 개봉한 범죄도시 2와 비교되는 완성도
1,내 인생 최악의 영화...
10,"신인 여배우도 연기 너무 잘하고 작품 전체적으로 몰입감 높아서 좋았음액션도 너무 잘 나왔고, 마지막에 담편까지 기대하게 만들어줘서 너무 재밋었어요!!!!"
8,마녀2 는 스토리를 이어주는 역할을 하다보니 전 편보단 탄탄하단 걸 느끼지 못했지만 스토리를 떠나 1편부터 잔인했으니까 킬링타임용으로 볼 만했어3편이 제대로 된 작품으로 나올거 같아큰 기대없이 한번 쉬었다간다 생각하구 보기를~!!그리고 다른 관람객 분들 왜 다 나갔는진 모르겠는데 끝나구 나가지말구 2분만 기다리자쿠키 영상 나오니까 꼭 보구. 2편의 찐결말 이야!!
10,앞으로의 마녀 시리즈가 기대됨
9,시원하고 깔끔한 여름 액션영화. 개인적으로는 1보다 배경이 더 다양해서 보기 좋았음.
10,너무 재밌게 봤어요~ 영화 개봉한 날에 봤지만 또 보러가고싶네요
7,시리즈물로의 진화와 세계관 확장에 포커스가 무리하게 집중된 느낌이 들며마녀2를 단 한편의 영화로 생각 한다면 다소 아쉽게 느껴집니다
10,"영화 초반엔 아 설마 저렇겠어; 했지만, 영화가 진행하면 진행될 수록 아 저럴 수도 있겠다. 아 저러겠다. 아니, 지금 저러고 있는 거 아닌가? 하는 영화."
5,마녀1 안보고 영화봐서 그런가 지루하네 하고 집가서 마녀1봣는데 여전히 마녀2가 이해가지않고 재미없다...동물병원 아저씨는 왜나온것이며  이종석은 왜 출연한것인지...총평: 영화끝나기전에 팝콘 다먹고 나간 사람이 더 많다  내일출근해서 재미있다고 추천한 직장동료 혼내준다
10,쳠엔 뭐지 이랬는데 핵 재밌는데스토리가 좀 짧아서 아쉽다 진짜
10,기대 안했는데 기대 이상. 액션이 완전 좋았다!
10,인생 명작 다섯손가락 안에 든다 진심 핵잼!
10,후반부 짜장들 후드려패는 타격 쾌감 훠훠가 보면 분노할지도
9,정말 현실적이면서도 잔잔한 휴머니즘 같은 영화네요.. 살아 생전 가족들에게 잘합시다.. 특히 부모님께 효도는 못해 드릴망정 불효는 안됩니다 ㅠ
10,"영화 리뷰 처음써보는데 진짜 재밌게 봄김다미는 역시 연기를 너무 잘하고 액션도 빵빵해서 좋음, 중간중간 그 깡패 비스무리한 남자때문에 몇번웃음 (나만 웃은거 아님, 단체로 웃음) 혀튼 결론 재밌다"
1,하루종일 싸우다 끝남 ㅋㅋ
2,"나 영화관에서 자보긴 처음ㅜㅜ 김다미나와서 그나마 마지막은 보고나옴..뭔내용인지., 주인공은 대사도 없고ㅋㅋㅋ"
9,재밌었다~
6,동물들 출연량 너무한거 아닙니까
4,"2/3까지 지루해서, 중간에는 사실 영화관에서 나가고 싶었습니다. 스토리가 약하고 개인적으로 생각하기에 스토리에 집중에 방해되는 미스캐스팅들도 있고, 억지스러운 유머를 넣은 부분도 어색했습니다. 잔인함이 한계를 넘어서 자극적인 요소를 계속보야줘야 하는 압박감이 있겠구나 라는 생각이 들었습니다. 불필요한 욕과 술 담배 장면이 그렇게 많이 필요했을까 싶었습니다. 마지막 여주의 장면은 소름돋을정도로 재미있긴했지만 그부분을 제외하면 참 별로였던 영화여서 1편을 재미있게 보았던 저로서는 매우 실망스러웠습니다."
1,좌파들의 쓰레기같은 영화
4,"전반적으로 유치하지만 나름 신선한 연출도 있었고 액션 타격감이 있어서 괜찮았습니다. 진구는 조직보스인데 불쌍한 예능캐, 이종석은 언제 치고박고 싸우나 기대했는데 바다구경만 하고 돌아오고 신시아 대사가 많지 않아서 아쉬웠음 그리고 3편이 기대됨"
8,개인적으로 나쁘지는 않구요. 부족한 부분은 있지만 볼만합니다. 3편도 볼 예정입니다.
6,영상이 왜 빨갛게 보이다가 말다가 하는건지 거슬렸음.. 그리고 안정적인 연기를 하는건 얼굴을 아는 몇몇 배우고...나머지 신입들은 더 노력해야 할거같은데...너무 어색해서 기대이하였음. 내가 너무 기대 많이 하고 봤나봄. 1편보다 못했음.
9,1편보다 재밌다고 해서 봤는데 진짜 재밌었어요!! 액션도 너무 좋았고 타격감 진짜 대박이에요!!
10,세계관의 확장이다보니 지루할 수는 있으나 아직 호기심을 포기할 수는 없다.
10,요즘 나오는 영화 중에 제일 낫다
5,기대에 못미치네요 ㅠㅠ
7,“역시 고레에다는 고레에다네” 와 “무려 고레에다가 이랬다고?” 가 공존하는 영화. 그만큼 일관적인 퀄리티를 유지하기 보단 꽤나 좋은 장면들과 꽤나 못만든 장면들이 버무려져 있음. 낙태에대한 시각이나 그밖에 시대착오적인 묘사들이 요즘 정서에 부합하진 않지만 그럼에도 따듯한 톤으로 담아내서 그런지 불편함이 어느정도 상쇄되는 느낌. 아쉬운 점은 외국감독이라 그런지 대사가 배우들에게 잘 안붙는 느낌이 있음. 배우의 언기 문제라기보단 대사가 전체적으로 부드럽고 이뻐서(?) 한국인이 할법한 단어선택이나 톤이 아니라는 생각이 들었음 (특히 남배우들 대사). 또 해진이 캐릭터가 너무 기능적인 측면이 커서 붕 뜨는감이 있고 해진이의 등장을 기점으로 발렌스가 깨지고 플롯이 중구난방해지는 느낌을 받음.개인적으론 없어도 될 캐릭터라는 생각이.. 그러나 주조연 연기들이 다 너무 뛰어나서 연기 보는 맛이 있어서 좋았음. 능청스럽고 묵직하게 영화를 끌고간 송강호는 물론이고 배두나 연기가 첫장면부터 너무 좋아서 제일 인상깊었던듯. 아이유 강동원도 너무 훌륭하게 제 몫을 다 해서 연기로 불편한 장면은 전혀 없었음 (어색한 대사와는 별개로). 여러모로 전작들에 비해 아쉬운 점은 많았으나 (특히 너무 직설적으로 메시지를 떠먹여주는게 고레에다스럽지 않았음) 감독이 커리어에 걸쳐 한 주제의식을 꾸준하고 단단하게 밀고나간다는 것은 대단하다고 생각. 연기구경만으로도 볼 가치가 충분하니 많이 보러가주세요!
7,그냥 다 보고 내용이 뭐였지?? 라는 생각들고 그냥 뭔가 어색함
2,"개봉 첫날 관람.초반 1시간은 스토리도 없고, 주인공 얼굴만 보여줘도 꾹꾹 참았음.이후 시간도 스토리가 없음.  마지막에 액션은 전부 CG !돈, 시간 아까움.중간에 나갈까 하다가 좀만 더 기다려 보자.  뭐가 나오겠지.  아무것도 없었음.최근 10년내 관람한 영화 중 최악임.영화관 엘베 안에서 다들 욕하고 난리."
6,"<뭔가 아쉬는 후속편>러닝타임에 비해 크게 보여준게 없음.. 종석이형은 바람쐬러 나온건가.. 세계관 확장을 목표로했다면 알반인 남매와 진구빌런의 분량을 줄이고 1편의 박희순일당 ,귀공자 일당, 2편의 토우, 이종석 일당, 본사요원 등 디테일한 스토리를 추가하였더라면 더 재미있었을텐데 아쉽다 액션 분량도ㅠㅠ그래도 3편 기대됨 완결까지 롱런했으면 좋겠다"
1,ㅇㅅㅇ..할많하않..
6,"오랜만에 기대되는 작품이라 첫날 보러 갔는데 좀 많이 지루했어요. 옆에 분들 하품하는 소리가 계속 들리더라구요. 나만 지루한게 아니였구나했습니다. 진구씨도 왠지 평소랑 다르게 좀 어색한 느낌....끝나고 난 후 신시아씨는 잘...기억이 안났습니다, 그래도 3편 나오면 보긴 할거같아요."
6,이해 할 수 없는 흐름의 지루한 스토리가  늪에 빠져 생명을 다 할 때쯤  마지막 단 한번의 액션으로 생명은 부지했다.
8,태어나줘서 고맙다는 말이 진부해 보일지라도 여기서 감동 받았다.
10,진짜 구자연 진짜 대박 동생도 진짜 대박이고 구자연한테 반해버렸음 ㅠ
1,2점은 주고 싶지만 평점 조절을 위해 1점 드립니다.  전문가 평점 믿으세요. 재미없습니다.
10,"토이 스토리 팬이라면 궁금할 영화, 삭스는 단연 최고 귀욤 ㅋㅋㅋㅋ오프닝 찢었다"
4,1편은 스토리도 있고 액션도 적당히 긴장감 있게 봤는데 2는 너무 유치찬란한 액션에 피칠갑만 난무ㅜㅜ
5,픽사 치고는 재미도 감동도 없었으나 용아맥으로 봤을 때 개안했다. 이게 애니라고?
1,"쓸데없는 대사,장면, 사운드 들이 너무 난무했던거 같아요... 보다가 중간에 나왔어요...."
10,잘 만들어진 영화입니다.
2,진짜 재미없었어요돈아깝고 시간아깝고..
8,1탄 김다미가 그래도 인간병기였다면 2탄 여주는 그냥 신급. 내용은 1탄 복붙.
10,액션씬이 미쳤고 3편이 기대됨
2,10중에 스토리가1  액션이 9 (1편에 비해 너무 말도 안되는 액션/죄다 CG) 지루했고..두시간동안 불필요한 욕까지 온갖 욕을 다 듣고.. 너무 잔인한 연출이 많았고.. 보면서 15세이상 청소년들이 봐도 되나 싶었다. 내용도 없고 이종석은 왜 나온건지 모르겠고 뒤죽박죽에.. 혼잡해서 지루했나?
10,이런 먼치킨류의 스토리를 좋아합니다.1편보다 액션이 더 화려한게 재밌게 봤어요~3편 기다려지네요
6,손석구 연기 좋아요. 그런데 기대치가 너무 높았나봅니다. 실망도 있음
6,영화가 매우 난해해요.시점이 다르게 표현한 영화라 장면마다 인칭 시점의 심리 적인 묘사들이 각각 다른 묘미가 있어요.아빠가 딱 거기서 멈췄으면 하는 아쉬움이 남네요
8,앞으로 3부가 어찌 진행될지 벌써부터 기대되네요 2시간이 금방 갈정도로 너무 아쉬운듯 해서요 ㆍㆍ 3부는 어찌진행될지 벌써부터 긴장되네요
2,"1을 워낙 재밌게봐서 그런가..너무 기댈했나 스케일만 크지 내용,대사가 좀..몰입이 깨짐"
5,액션 빼곤 노답이었음
10,말이 필요 없다 그냥 최고다!!!
6,등장인물의 숫자가 더 적었다면 좋았을까
10,
10,
10,졸잼 이네 진짜 와우 개강추
10,기대한거보다 훨씬 재미있었어요. 아이들이 좋아하겠어요.
10,역시 액션은 마녀다웠다. 신시아도 생각 이상이였고 그 외에도 캐스팅이 다 대체적으로 만족스러웠다.
8,마블 히어로물 영향을 많이 받았나봐요...닥터스트레인지+완다+헐크가 된것 같네 개인적으론 1편의 액션씬이  더좋았던것같은데....타노스랑 맞짱뜨도 이길듯
10,마녀보다 서은수가 주인공인듯하네요 캐릭 짱 좋고 매력 쩔어요 분량은 적지만 이종석 김다미 연기 좋고 막판 액션 끝내주네요
10,이런 액션 너무 좋아요  재미있게 잘봤어요
10,여자친구랑 보는 내내 손에 땀을 쥐고 봤습니다.처음으로 집중해본 영화
10,재미있게봤습니다ㅎㅎ
4,"보는내내, 연기랑, 영어대사때문에 오글오글.. 항마력이 딸려서 힘들었다. 4점준건 볼만한 액션씬몫임"
2,진심으로다가 재미업씀...
10,1편 보다 훨씬 좋고 아주 몰입하면서 봤어요 세계관이 꽤 방대하네요
8,영화초반: 어?엄마역할 여자이쁘다 (배우 변서윤)영화중반: 어? 서은수 담배잘피는데 외국인은 뭥미?영화후반: 와 ㅅㅂ 액션개쩔끝
6,"전체적으로 다 평가해보면 주인공 신시아씨 천사같음 근데 대사는 20마디도 안 넘을 듯 연기 더 보고 싶었는데 아쉽 잠깐 같이 산 남매와 유대관계 부족함 그래서 감동 부족 그래서 폭주도 좀 약한느낌 수의사, 진구 등등 굳이 나올 이유를 모르겠는 장면 꽤 있었음 글로벌한 느낌 내려고 외국어 많이 씀ㅋㅋ개인적으로 오글거림 그리고 개인적으로 이종석씨 연기 조금 어색 그리고 마녀 1과 마찬가지로 피칠갑 전체적인 세트장?도 비슷하고 스토리 흐름의 큰 틀도 약간 유사함 cg 꽤 썼음 근데 개인적으로 티남 볼거리 꽤 있음 그리고 집어던지거나 액션장면이 너무 빠르게 지나가서 아쉬웠음 한동작이라도 빠를 땐 빠르고 적당한 속도도 필요하다고 생각함 섬세함 부족 신시아는 남매도 죽고 초반에 들린 엄마 환청 말고는 이제 각성할 요소가 없는 것 같은데 좀 약했음 3에서 구자윤 도구로 쓰일지 아니면 엄마찾기가 극대화 될지 또 다른 요소가 있을진 모르겠지만 3이 기대되기는 엄청 됌 3 나오면 바로 볼거임"
10,액션이 시원시원해서 그런가 뭔가 속이 뻥 뚫리는 기분이였어요!
2,시작부터 피칠갑 흔한클리셰범벅긴장감조절실패 원피스급 액션과싸구려 그래픽티 팍ㅠㅠ 사람을 먼지로붆거시키는장면에서 실소를 금치못함
10,마녀3 빨리 나와라 ㅎ
4,"느슨한 전개와 지루한 스토리. 액션은 소림축구와 쿵푸허슬 피칠갑 버전. 다행인건 자윤(김다미 배우) 등장씬이 멋졌다는 거. 감독이 만화 스타일 추구한다고 해도 마녀라는 장르랑 어울리게 대사를 해야지 이건 미스테리, 액션 인데 대사는 청춘물이나 어린이 만화 같아서 헛웃음만 나옴. 마녀 세계관? 글쎄...그냥 가족상봉이 전부가 아닐지.."
10,"기본적으로 영화광이며마녀1이 너무 재미있어서 여러번 본 사람으로써 마녀2 본 소감을 말하자면 ""굿! 괜찮다""이다. 갠적으로 범죄도시2 보다 훨씬 더 재미있다. 마녀팬이라면 당연히 벌써 보셨을것이고 액션 좋아하시는 분 한테는 강추!!"
8,우연은 우리의 삶에서 가장 다이나믹한 순간이 될 수도 있다.
10,끝까지 긴장을 놓지 않게 해준 영화. 더 강렬해진 액션과 신시아 배우의 매력이 끝내준다!
10,액션이 너무 좋았고 마녀만의 세계관도 넓어진 느낌이라 만족. 3편도 기대됩니다.
8,추천순 평점이 좀 박하네. 알바 아니고 괜찮게 봤음. 다만 좀 씬이 늘어지는 부분(진구가 박은빈 집에 처음으로 쳐들어올 때 말이 너무 많고 질질 끔)들이 있었고 주인공이 두들겨 패는 장면이 적어서 사이다 장면은 별로 없었음. 마녀3 보기 위한 긴 예고편 같은 느낌은 들지만 마녀니까 괜차늠. 기다릴 수 있다! 아 근데 조중사 너무 오글거려서 못 보겠더라. 3편에선 그러지 말아주세요 제발...
4,망녀망녀 ㅇ하는지알겟당...끝
10,"계속 기억에 남는 영화입니다 ㅜㅜ 이런영화가 많이 나왔으면 좋겠어요 개인적으로 범죄도시보다 재밌,,!!"
10,보는 내내 흥미진진하고 재미있었습니다. 3편이 기대되는 영화입니다 !!
10,인생이 때론 괴롭고 암울할지라도..언제든지 춤출 준비를 하자. 즐기자
10,역대급 역작. 하루키소설 좋아하는사람들 꼭 보시길
10,범죄도시와 함께 믿고 볼 수 있는 한국 액션 영화 시리즈
10,범죄도시1은 안보고 2를 봤는데도 아주 재밌었음
1,송강호 연기만 좋았고 노잼... 감동포인트 뭘 노린건지는 알겠는데 아이유 연기가 부족해서 감동이 없었음영화 보는 내내 중간에 나가고싶은거 참느라 힘들었네요
10,이런 영화는 큰 스크린에서 봐줘야 제 맛ㅋㅋㅋ
2,기분좋게 사회에 2.5 기부했어요 불우이웃에게 가기를 희망합니다
10,서서히 납득되고 공감되다가 여운을 남기는 이야기ㅡ삶은 그 자체로 소중하다. 믿고보는 감독 .배우들.
10,액션 짱이네요 마녀 3편도 기대되는군요 ^^
7,아기를 낳는다고 부모가 되는 것만이 아님을 보여주는 영화.코레에다 히로카즈 전 영화들을 함께 보면 좋을 영화다.
8,
10,야 영화보고 평점 쓰냐 ㅋㅋ  헐리우드 심사평가단 처럼 말하냐 ㅋㅋㅋ 한국영화에서 이정도면훌륭하지 ㅋㅋㅋ아휴
5,마녀 찌그러기들은 날아다닌다. 서쪽 마녀 찾아 삼만리
8,액션신은 좋은데 신인배우의 연기력 스토리의 아쉬움이 남네요 3부에서 어떤스토리와 멋진액션씬을 보여줄지 그리고 마녀하면 김다미니깐 기대해보겠습니다
10,2번봤는데 액션씬10분이랑 김다미 5분 나오는거 보려고 2번 봤네요 볼만은 했어요 그전이 너무 지루해서 그렇지 3편을 위한 디딤돌같은 느낌
10,1편 보다 볼거리도 많고 재미있게 잘 봤어요. 스토리도 몰입감 있게 잘 나왔네요.
1,살면서 첫 글인데 개 쉽 OOO네유
2,1 너무 재밌게 봤어서 기대 했는데 스토리가 너무 루즈하고 알차지도 않아서 넘 속상하고 아쉽네요 ㅠㅠ
1,김다미만 기억에 남음..
10,최고입니다. 또 보러가야징
10,긴장감이 있고 심장이 쫄깃하고 액션 짱
8,액션 cg는 최고인데  뭔가 분산되었다고할까?서은수님과 같이다니시는 외국배우님 콤비는 너무 좋았는데 왠지 마무리가 너무허무 레벨이 극과극 마무리가 마녀1은 인간미였다면 마녀2는 액션만있는 스토리가 너무 빈약하지않았나 생각드네요
2,"서사와 설명이 다 빠져버린 쭉정이같은 영화. 중국, 미국양쪽 자본 유입된건가 아주그냥 되도안한 영어에 중국어에 난리났다....이종석은 왜 출연하는건지도 1도모르겠고....극장에 앉아있는 동안 엉덩이만 아팠네에잇"
10,파트3가 기대되네요 재미있었습니다
8,보는 맛은 있음 그리고 ..
9,전편보다는 스케일이 커진거 같은데 더 아쉽네요
10,마지막에 반가운 얼굴이 나오네요. 쿠키를 보니 벌써부터 마녀3가 보고 싶어집니다.
6,마녀는 계속 먹고 먹는다. 마지막 손가락 까딱하면 모두 날라가고 죽음. 내용 끝3편은 이러지 말기를 ..
8,"쓰레기로 나오는 진구 배우는 선역도 악역도, 이도저도 아니었어요. 나름 인간으로서의 관찰자 느낌의 캐릭터로 보이는데, 재미도 없고 감동도 없습니다.액션씬은 호불호 갈릴것 같아요. 1편은 실내에서 눈이 호강하는 액션이었는데, 2편은 실외에서의 공중전과 역동성은 멋졌어요. 다만 밤이라 초인들의 스피드한 액션은 너무 빨라서 제대로 보이질 않습니다. 개인적으로 불호입니다. 서은수 배우의 거친 전사의 연기는 생각보다 찰떡이어서 놀랐습니다. 소녀는 극중 1주일도 안되는 시간에 무기질적인 소녀가 인간의 감정을 깨달아가고 느끼는 과정이 너무 짧아서 공감이 전혀 안되더군요. 극중 시간선을 좀 더 길게 잡았으면 하는 아쉬움이 있었습니다.마지막 김다미 배우가 나오는 하이라이트 5분.  짧은 대사와 액션, 그리고 표정에서 얼마나 순수하게 악한 인간인지 나와서 좋았습니다. 별것 아닌 대사임이 분명한데, 자윤이의 순수한 표정이 모든걸 말해줍니다.임팩트 지립니다 진짜로. 결론은 김다미 배우가 나오는 5분으로도 이 영화는 볼 가치가 있다."
10,업그레이드 된 능력과 액션 끝내주네요 재밌어요 꼭 보세요~~~~
8,고레에다 감독님 영화 좋아하는데 이번작품은 좀 아쉽네요
10,1탄 보다 몰입감 훨씬 더 좋았던거 같아요 갠적으로 1보다 잼나요
1,3류 중국 액션 영화임 스토리 1도 없음
1,진짜 최악입니다..여자친구랑 보다가 중간에 나왔어요영화보다가 나온적은 처음...너무지루해요 ㅋㅋㅋㅋ
10,
10,액션씬은 정말 최고네요~!
10,재밌었어요 3편도 나오면 좋겠어요ㅋㅋㅋ
10,시간 가는지 모를 정도로 몰입해서 봤습니다 액션와 CG로 눈호강 시켜줘서 정말 재밌게 보았습니다
7,"마녀1 에서 현란한 액션에 반해서 2도 보게되었는데, 역시 액션은 우리나라 영화중에 최고인 것 같아요! 다만 액션씬이 많지는 않아서 조금 지루한 감이 있어요!"
6,각본가의 사교성이 우려스럽다
10,액션이 굉장히 재밌었다! 한국에도 이런 물이 나와서 너무 기대되는 부분이다. 흥행했음 좋겠다 그래야 더 멋지게 나오니까
8,"컨셉과 상황설정, 즉 초반부의 스토리텔링은 아주 흥미롭고 이색적입니다. 템포도 빠른 편이지요. 그러나 중반부에서 살짝 지루함이 느껴집니다. 물론 그런 장면이 있어야 후반부의 성장과 교훈의 장면이 힘을 받겠지만, 풀어내는 방식이 아쉬웠습니다. 그와는 별개로 '애니메이션'이라는 장르의 특징상 캐릭터나 주변 오브젝트의 작화 퀄리티, 움직임 등은 매우 뛰어납니다."
10,한국 액션이 진짜 할리우드 급으로 나올 수 있단 걸 보여주네요 스트레스 풀기 딱 좋아요!!
10,액션은 더 화려해졌네요. 추천합니다!
10,볼만했음. 우리가 쥬라기월드 시리즈를 보는이유는 잔혹한 공룡에 쫓기는 스릴과 공포감을 느끼려고 보는것임. 근데 이번 쥬라기월드는 역대 쥬라기 공룡 영화중에서 그걸 다 채워줌 1편과 더불어 이 마지막편도 수작임. 대신 내용은 별거없고 공룡에게 당하는걸 위주로 짜릿하게 잘만든 킬링타임 영화임.
8,초반에는 이게 뭔 내용인지 이해가 안돼서 좀 지루한 감이 있었는데 후반에 설명이 나오더라고요 액션씬은 볼만한데 넘 닌자인줄 역시 구자윤 동생이라 졸라 쎄요
2,마녀를 5번이상 본거같은데 마녀를 한번 더보는게 재미있겠다지루하고 특별한것도 없고 내용도 그닥이고....
10,기대 이상으로 괜춘ㅋㅋㅋ 다음이 또 기대되네
5,"연기는 훌륭했지만, 영화는 재미가 없었습니다."
1,최악입니다 최악이에요
4,진짜 3류 짜장영화같다. 1편 안보고 가서 딴건 기대안했고 액션만 보러 갔는데 카메라만 겁나 흔들어대는 통에 액션의 동선 자체가 안보여서 뭔 일이 일어나는지 모르겠음. 게다가 대부분의 액션이 Cg같은데 움직임이 어색해서 보는 내내 기시감이 느껴졌음. 캐릭터들의 행동이나 감정선도 뜬금없고 대사도 욕이나 똥폼잡는 오글거림이 강함. 김다미가 나온다는걸 몰랐으면 중간에 뛰쳐나왔을 것 같다
2,억지감성 진부하고 지루하게 만든 스토리 액션도 제대로 안보이고 최악이였음 마녀는1으로 끝나야했다
2,애들이 왜케 연기를 못하는지? 이종석...ㅠㅠ스토리도 좀 유치찬란하더이다.실망이야~
6,아이들이 좋아할 것 같은 영화예요
10,박은빈과 성유빈의 남매 연기는 진짜 찐 남매 케미ㅋㅋㅋㅋ너무 너무 재미있었어요
4,흔해빠진 얘기에다 억지 비장함. 거기다 김옥빈의 파워부OO지.
1,"지루합니다.,.,.,.,."
10,이렇게 잼있는데 1점준사람들 이해가안가네. .다음편 기대돼요~!!
10,너무 재미있게 봄
4,뭐지 ...? 진짜 재미없다 ;; 그냥 브로커 볼 걸 그랬다
10,보는내내 빠져들어 잼나게 봤어요ㅎㅎㅎ시간 가는 줄 모르게 잘봤습니다
10,
1,쓰레기입니다
2,"감독님 일본애니 압수 해야됨어디서 많이 본 것 같은.. 뭔가 허세가득 가오만 잔득 잡는데 알맹이 없는 빈껍데기.. 가오는 연기로 잡아야 되는데 그게 받쳐주는 연기력의 배우는 없네요뭔 말을 하는지 1편 마냥 친절하게 알려주진 못해도 누군간 설명 해줘야 될거 아닙니까..? 제일 문제는 여주가 매력이 없어요.. 김다미 만큼 힘도 쎄야되는데 귀엽게도 해야겠고, 근데 또 섬뜩할 만큼 잔인도 해야겠고, 근데 또 따뜻한 마음도 가져야됨. 거기에 너무 집착한 나머지 이도저도 아닌 여주가 된것 같아 안타깝습니다. 이종석은 대체 왜..!"
10,끌고가는 스토리나 분위기는 지루했습니다그럼에도 처음부터 끝까지 긴장하고 봤습니다 왜일까 싶었는데 어떤 장면이 연출될지 모르고 있어서 인듯합니다. 싸움신을 비공개로 홍보한건 잘한거 같습니다. 싸움신 헐리우드 만큼 완벽했습니다
10,최고!!!! 끝나고 박수나오는거 처음봣음..
10,액션이 시원시원 하네요 ~ 신시아 되게 매력적이였어요 ~
10,스토리 내용에 대해 호불호가 갈릴 수 있지만 꼭 보세여 유치하지만 시원시원한 액션이 좋았습니다 ㅎㅎ
6,아들과 잘보고 왔어요 재미있대요
10,멋져요 우리나라 영화라는게 넘 자랑스럽네요
4,"메뚜기 왜이렇게 많이 나오고, cg는 왜또 후퇴했니?? 공룡들 목이랑 눈처리가 너무 부자연스러움 ㅋㅋ 보는내가 민망하더라"
2,광우뻥 선동이 생각나네
10,재미있었음 구라안치고 헐리웃 액션 영화에 비빌만함ㅋㅋ
10,스타일리쉬한 액션 좋았고 스토리도 지루하지 않고 재미있었습니다. 마녀3편도 기대되네요
1,영화관에서 주식차트본건 처음입니다
1,이게 무슨영화인지....?
2,이딴걸 평점 7점이나 준다고?ㅋㅋ
5,'삭스' 혼자 다 하는 영화
8,끝까지 재밌게 잘봤어요 1편보단 다소 아쉽지만요 3편도 얼른 나왔으면 좋겠어요 ㅎㅎ
10,무조건 보세요 정말 꿀잼입니다ㅠㅠ
10,한국에서 이런 시리즈가!!! 잼있다!!!
1,이걸 왜봤을까... CG도 조잡스럽고 진짜 저예산 영화인듯.
1,영화끝나기 20분전까지 아니 끝나기전까지스토리 하나도 모르겠다영화어떻기 출시했는지 의문..
10,성유빈이 대호 보는 장면에서 진짜 뿜었다..ㅋㅋㅋㅋ 액션도 재밌고 배우들 연기 미쳤ㅋㅋㅋ
1,뭘 잘했다고 아주 위인 납셨네 납셨어
10,이정도면 잘만든거 아님?
5,"밋밋하니 일본감독 분위기야. 너무 졸려. 내용은 없진 않은데, 감독 연출부족."
6,원보다 노잼액션신만 볼만함
6,영상미는 좋지만 내용은 그저그랬어요
1,흠...? 흐음? 각본을 급하게 수정하셧나.. 흐음... 그냥 그랬어요..
5,픽사 작품치고는 너무 무난한 느낌
10,이거 완전 테라 루나 코인이네ㅋㅋㅋㅋ 현실고증 ㅁㅊ
10,최고 였어요
4,1도 재미없었는데 2도 여전히.. 배우들이 아깝다
10,주인공 바뀐다고 했을 때 색안경 꼈었던 내가 밉다.. 새로운 인물과 액션씬도 좋고 1편 보다 확실히 더 업그레이드 된건 사실
8,잘보고 왔습니다 픽사영화라서 기대를 조금 했었습니다
10,개연성 타령하는 애들은 원작 소설은 알고 말하나??? 소설대로 간거다. 결말만 빼고 소설에선 둘이 같이 전두엽먹고 알헨 가서 사랑하며 끝난다. 리들리스콧이 잘 만든 영화다. 개연성 타령은... 좀 알고 글써라
10,걍 지린다라는 말밖에 안나옴
10,멋지고 재밌게 잘 만든 영화 너무 재밌다
1,욕이 많이 나오는데 너무 어색함외국어가 많이 나오는데 너무 어색함센척 폼 잡는 것이 너무 오글댐전체적으로 실망
10,솔직히 오늘극장가서보고왔는데진짜재밋었음 여기 평에 별점테러보고걱정했는데2시간넘는시간금방갔음스토리도 좋고이해잘가든데그리고액션이 너무영화같아서좋음약간드래곤볼같은?그리고끝나고자막다올라가고 쿠키영상있으니꼭보시길그리고신시아 너무쎄다 극강캐릭
3,새로운 출연진은 다들 워낙 연기를 잘해서 연기는 상관없는데 스토리에 굳이 이렇게까지 길게 보여줘야 되나 싶은 이야기도 많고 마녀를 찾는 사람들이 중구난방으로 나오고 다들 중 2병 걸린 듯한 영양가 없는 유치한 대사만 하는데.. 어차피 세계관에서 마녀가 강한 건 아니까 다른 인물들은 좀 다른 식으로 풀었으면 좋았겠는데 너무 그냥 성장만화 + 3편을 위한 오프닝 같은 영화
1,"정말 예술 영화로 치더라도 너무 재미없다재미, 감동, 신선함. 뭐하나 없음 진짜 이 배우들 쓰다가 뭘한거지 ㅋㅋ"
10,마녀 3가 빨리 나오길!!!
4,조오오오555오오올라  재미엄씀 ㅡㅡ
4,서론이 너무나도 길고.. 화면전환이 잦아 영화시청이 피곤했음. 액션신은 무슨 드래곤볼이 되어버렸고 너무 기대하고 봐서 그런건지는 모르겠는데 실망이 큼ㅠ
10,화려한 액션으로 시간 가는 줄 모르고 보게 됩니다 신시아 매력있더라구요
4,누가 재미있다고  했냐?
10,화려한 액션 3편을 위한 작품  1편 꼭 보고 보세요
10,크리스 목소리도 넘 좋고ㅠㅠ 버즈라이트이어2도 나왔으면ㅠㅠ
10,삭스 분양 받으려면 얼마나 오래 살아야 하나ㅎㅎㅎㅎ
8,액션씬은 신세계다.3편을 위한 영화다~^^
10,버즈 사랑해 삭스야 사랑해
10,많은 생각와 여운을 남긴 영화 추천해요!!!
10,잘보고있다가 쫒겨난 느낌이네요
10,토이스토리 속 버즈의 이야기를 볼 수 있어서 좋았습니다. 크리스에반스의 목소리도 반갑더라구요ㅎ
10,뭐야 평점 왜이래ㅡㅡㅈㄴ재미없다길래 기대 않고 봤는데그정돈 아님ㅡㅡ 난 ㅈㄴ재밌어 액션 최고
8,마녀 주인공들은 귀여운게 전통인가 ㅎㅎ이번 주인공도 많이 귀엽네요
10,아무생각 없이 스트레스 해소하기에는 최고입니다.
10,너무 꿀잼…3편 빨리 나와라
1,오글거리고 지루 했다. 훈정아 3편은 만들지 말자.
10,아이맥스 스크린으로 경험하는 광활한 우주는 정말 환상적이였습니다
8,킬링타임용으로 아주 좋은 영화
1,재밌다고 하는 사람 이해가 좀 안되네요 중간에 나가고 싶은 영화 처음입니다
1,전체이용가에 pc 최악
8,기대하고본 마녀보다 낫다..
9,"전편 안보고 짧은 요약 영상 보고 같이 본 친구도 매우 만족했고, 전편 6번 본 나도 만족했음.개봉날 평점이 8점, 7점 오락가락에 안좋은 평가가 많아서 솔직히 같이 보자고 한 친구한테 미안했음.막상 보니 전편 안봐도 보고나서 전편 봐도 될 법한 내용. 개그코드는 없다고 보면 됨.세계관이 중점이라 그걸 좋아한다면 이번편도 만족할 듯! 잘봤고 다음편이 어서 보고싶을뿐:)"
1,1이 훨씬다 재미있었어요.. 연기도 너무 어색하고 말로 표현못할..ㅠㅠ아쉽네요 너무
10,능력도 쩔고 책임감 있는 버즈의 모습에 나 자신를 반성하게 되는 것 같아요 영화 보면서 많은 걸 느끼게 되었네요..ㅎㅎ
1,이건 뭐...스토리랄 것이 없어요.초반에 하품 10번
8,반가운 얼굴들 봐서 좋았어요!
1,스타워즈는 6부작 입니다 나머지는 팬영상이며 까메오로 6부작 주연들이 등장하고 죽습니다
4,후속작은 역시나 망한다..
6,1편보단 아쉽다마지막 10분이 하이라이트그 전에 졸았음 ㅠ
10,졸잼! 김다미 역시 최고
2,마녀 1보고 기대만땅으로 개봉일 맞춰 가서 봤는데..정말 기대이하 입니다.아니 여주인공이 슈퍼맨하고 싸워도 이기겠네요..이게 뭥미....
8,"마녀1과 비슷한 흐름의 전개방식.. 중, 후반 액션과 초인간들의 더 업그레이드된 능력을 볼 수 있음..  다만 연기력이 다소 조금 아쉬움. 마녀 part3 를 기대하며~"
10,이거 두번보고왔다. 제대로인듯..
3,솔직히 1편을 너무 재미있게 봐서 너무 많이 기대했는데 정말 재미없음 마지막 20분정도 액션 정도 볼만하고 그전에는 3편을 이어가려고하는 줄거리였음
1,"재미없어요. 중간내용이라는 핑계 깔고봐도 너무재미없어요내용 엄청끌고 지루해서 집에서 드라마보는거마냥 딴짓하면서 봤습니다..액션나올라그러면 끊고 또 다른얘기하고 제대로 보여주지도않고애들마다 앞내용 실컷 보여준거에비해 액션은 결국 얼마 보여주지도 못하는 레벨낮은 애들들이었고CG티 너무나서 거부감도 들었습니다왜이렇게 욕심 부렸는지;깡패들 라인 특히, 왜 끝까지 나온건지 ; 앞에잠깐 나오고 말았다면모를까 끝까지 하는거없이 반복되는 장면+분량은 왜그렇게 많은지마치 신입들 얼굴한번 비춰줄라고 꾸역 끼워맞춰 넣고 말은 느낌들이네요 캐릭터낭비 제일심함기대했던 시리즈가 망한거같아서 더 실망스럽네요배우들 연기만좋습니다"
10,와칸다 포에버!!!!
1,불면증으로 일주일정도 잠을못잤는데 간만에 푹자고나왔습니다
1,이영화 작가가 만든 영화는 거르면 됩니다.
1,"대사, 스토리 다 오글거린다 딱 6점이 적당한듯cg도 너무 어색함"
6,이게 이렇게 평점이 높다고? 생각이 드는 영화
8,영상미가 정말 좋았어요
4,3편은 다음달 나오나요??
5,"초, 중반은 너무 지루하고 러닝타임도 긴 편"
9,3편을 위한 중간다리로 생각되는데 전편의 약간 오글거리는 느낌?이 조금 강해진듯. 하지만 3편이 기대되기는 합니다 근데 15세치고는 많이 잔인...하긴함
2,정말 재미 없다 폼만 잡다가 끝난 골때리는 영화
10,"3편 빨리, 어서 빨리, 이렇게 끝나면 안되지  ㅋ"
10,몇년만에 극장가서 재미나게 본 영화
7,오늘 조조로 보고왔어요. 전편보단 임펙트가 없어진건 확실하다고봅니다 여러 악조건이 겹쳐진후 촬영했다고 들었어요 그래서인지 허술한 부분들이많아보였어요 사실상 김다미배우님의 출연은 카메오 수준이며 3편을 가기위한 디딤돌이라 생각됩니다 스포) 토우4인방 서은수팀 이렇게 두팀이 막판 농장에서 결투씬이 액션에 최고조이며 신시아배우님에 연기력은 좋았으나 이제까지 보아온 능력중 탈급으로 뭐 어나더레벨입니다 개인적으로 마지막 토우팀하고 김다미배우님 신시아배우님 두분이 팀웍으로했으면 좀더 좋았을텐데 김다미님이 다른 촬영 때문에 마지막에 카메오로 촬영한듯합니다 CG는 뭔가 아쉬운듯한 마무리로인해서 이질감이 심한편이였어요 전편 재미있게 관람한 분들이라면 나름 만족한 영화일듯합니다
4,화산고 보는줄 착각함액션만 화려하지 스토리는 개연성 제로인신세계 박훈정 감독님 요즘 감 떨어지신듯근데 진구는 왜 나온거임? 노이해
8,"초중반 전개와 필요없어 보이는 대화와 씬은 아쉽지만, 전반적인 스토리와 극 막바지는 대단하다."
10,마지막 액션 김다미 나올때 소름!
4,"1. 사람간 정,사랑,추억이 쌓였음을 표현하는 시간적 흐름연출이 미숙함. 2. 3d액션에 물리적 중력감을 3d로 표현못해서 너무 그래픽스러움"
6,이야기의 빌드업이 없음…무슨말하려는지는 알겠는데..음? 자기가족에게나 충실하자를 배운 영화
2,러닝타임도 길고 영어발음은 어색하고.. 중국어만쏼ㄹ쏼라나와서 중국액션보는거같고..마녀1을 재밋게봐서.. 너무 실망적.. 쌓아가는 스토리나 기승전결도 애매하고.. 구자현은 조금나오고 기다렷다 본 쿠키도 별로 의미없고..매우실망스럽습니다.. 여기 댓글알바들많은것같아요..마녀1을 기대하고 봣다면 보지마세요..
10,여기보면  기대한만큼 재밌었던 영화가 있으셨는지들 궁금하군요
10,
10,역시 마녀~!! 마녀3 빨리보고싶어요!
8,마녀1에선 여린소녀가 초능력쓰고 마구잡이로 때리는게 신박했지만 2편에서는 좀 분위기 깨는 진구의 능글연기가 너무 많아서 장르가 좀 헷갈렸고 신박함이 없었음 재밌고 액션 좋았어요
10,
10,"솔직히 3편을 위한 예고편 느낌이긴 합니다. 하고싶은 이야기? 내용? 이 너무 많은데 137분이라는 영화에 담아내려고 애쓴 느낌입니다. 정작 소녀의 이름도 지어지지 않고 영화한편에 담아야하니까 훌훌 지나가버린 느낌. 액션씬 하나는 기깔나서(개인적으로 좋았습니다) 다시보고싶은 생각이 지배적일 정도입니다. 김다미 배우님 마지막에라도 나와주셔서 정말 감사드립니다. 오징어게임처럼 드라마의 형식으로 영화같이 나왔다면 더욱 좋았을까요?미래를 위해 이 영화만큼은 1,000만을 찍었으면 좋겠습니다. 한국도 이런 액션물을 잘한다는 인식이 좋은 것 같아요"
1,망한영화의 공통점1.런닝타임이 엄청 길다.2.등장인물이 많다.3.내용이 없다.여기 이종석은 왜 나왔남?
8,액션쾌감 좋긴한데 마동석 연기가 전편에 비해서 좀 오버한다 그래야돼나 좀 부자연스런 장면이 몇개있었음  강해상연기가 개지렷음
10,웃음포인트도 많았고 재밌게 봤습니다진구가 다했다
8,음..  확실히 1편보다는 긴장감과 몰입도가 떨어지네요. 말이 너무 많고... 격투씬도 좀 아쉽고 마지막에 3편을 예상해서 인지 너무 싱겁게 끝나는것같아요. 한번더 액션 씬이 있었으면 더 좋을듯해요
9,범죄도시2와 경쟁 해볼만하다고 생각했는데 범죄도시가 너무 흥행해버려 따라잡기 힘들듯 하지만 전세계에 깔려있는 마녀2를 기다리는 팬들이 많아 국내에선 어떨지 몰라도 전세계적으로 따지면 범죄도시 5배 이상 수익을 낼듯 120개국에서 선주문 들어온게 변수
10,너무 재밌다 . 지루할 틈이 없네 손석구 연기 진짜 끝내준다 이런 영화는 코로나 시국에도 천만 가는 영화다
10,액션이 너무 좋았음~~~
10,여기  1점  주신분들  그냥  악플러임..  솔직히  스토리의  완성도는  1편에 비해서 떨어진다고  인정합니다^^ 하지만  그  스토리를  뛰어넘을  만한  강하고  짜릿한  액션과  쾌감이 밀려와서  소름돋네요!!타격감  쩔고  킬링타임 으로  충분히  짤  뽑혔다고  봅니다.  저는  추천합니다!!
8,양의 기억이 넘 따수워서 눈물줄줄 영상미 너무 좋가
10,토이스토리 시절도 생각나고 아이맥스 화면속에서 펼쳐지는 우주가 장관이었다
6,"후속편이 다 잘되기 쉽지 않죠  범죄도시2 보고 너무 기대를 했나 조금 아쉽네요  연기자, 액션 다 괜찮은데 이게 원천적인 편집이랑 스토리 부분이 문제인것 같네요"
1,재미도 없는데 길기는 더럽게 길다 ㅡㅡ
10,기분좋게 보고 나올 수 있는 영화
6,전편이너무재밋어서기대햇는데...조금기대에는..하지만  액션씬은   속이확뚫리게  통쾌하고재밋었습니다.   잘봣습니다!
10,
1,대체로 구렸음 액션 속도 빠르게 표현한다고 사람 날리고 액션씬은 어두워서 보이지도 않고 스토리 1편이랑 이어진다지만 갑자기 급 전개 되는 느낌도 없지않아 있음 그리고 오글거림 마녀1는 중2병 초기단계라면 마녀2는 중2병 말기 대사도 말투도 위화감 없고 그냥 딱 중학생 애들 말투 같았음 그리고 분위기 어두운데 말도 안되는 말장난으로 몰입도 최악으로 깨져버리니… 마녀3은 안 봐도 비디오일듯아무리 댓글 알바 풀고 난리를 쳐도 이 글에 공감하는 사람은 나올듯 아 그리고 무슨 3D 애니메이션 극장판도 아니고 말도 안되는 연출은 뭐지…
1,아니 진짜 돈이 아깝네;;
5,좋은 소재인데 마무리가 아쉽네요. 이것저것 다 챙기려다 아무것도 아니게 된.. 그래도 공룡이나 액션은 볼만합니다..ㅎㅎ
10,오타쿠들만 이해할듯 .. 큰소리로 웃으면서 봤내요 . 보고 나서 기분도 상큼  평점 너무 낮아서 10점 주고 가요
1,이건 스타워즈가 아니다.
8,2
10,굿!꼭 보세요~~재밌어요.
2,1편은 존잼이었는데 2편 망작됨ㅠㅠ 최우식 김다미의 존재감이 컷음...그나마 최은수였나 그여자분 연기변신 괜찮았음.. 다른건 볼거없음 이종석도 오글거리고... ㅠㅠ 지루했음
7,1
10,좀 지루한데 마지막쩜 나쁘지 않은 듯
6,볼만은하다. 추천은 못한다. 야하냐고? 그리 야하지 않다. 괴기스럽지 않지만 괴기스럽다. 변태적 망상을 아름답게 잘 꾸며놓았다고 봐야할듯.
8,액션도 그런대로 볼만했는데 3편 가야되겠네요.
10,재미있었다 1편에 이어 3편으로 가기위한 빌드업용
8,뭔가 화끈할 것을 기대했는데....조금 아쉽!뭐..그럭 저력 볼만 합니다.
10,한번 보세요 보시면 느끼실 겁니다
8,굿
4,박훈정 감독...하...
10,최고의 액숀 잼있게 잘봤어요 !!
6,재미없고 기대할게 없는 영화네요
7,r굿
10,마동석이 없으면 범죄도시가 아니라 그냥 도시될 뻔ㅋㅋㅋㅋ
10,액션은 굿 킬링으로 볼만함
10,이종석님 잠시 나왔지만 역시 최고에요^^
10,유쾌하고 재밌는 추억 가득한 영화였어요 아이들도 어른들도 모두 즐겁게 볼 수 있는 영화입니다
3,마녀1이 10점이면 마녀2는 3점...처음부터 영화가 왜 이러지 했는데 중국말이 나올때혹시가 역시였구나...ㅡㅡ액션신 말고는 볼거 없음...마지막으로 이 영화에 최대 오점...욕을 중구남방으로 하는데...19금 영화에서도 이런식으로 대사에 욕을 안하는데...참 안타깝네요...
7,대체로 평이했지만 액션은 볼만했네요
2,진짜별로... 기대를한만큼 실망이큰법.액션만 살짝볼만했는대 그거마져도살짝....마지막 십분도안되게 김다미나옴3만들려고 2는그냥밑밥정도수준
9,액션이나 영상이 좋았다. 분위기도 좋았음 근데 여배우들이 너무 비슷비슷하고캐릭터그룹이 좀 많다보니까 몰입도가 떨어짐 아쉽지만 재밌었어요
6,진구 없는 마녀는 힘들지 않을까 ㅋㅋ
10,"괜찮았어요, 볼만한듯"
5,그럭저럭 하지만 재미는 없다
10,마녀1을 너무 재밌게봐서 혹시 실망할까 조마조마해하며 관람했는데 실망 안했습니다 정말 재미있었어요
10,추억의 캐릭터를 다시보니 반갑기도 하고 뭔가 뭉클행ㅠ
8,1편보다 재미있네요.
10,잉 삭스ㅜㅜㅜ 넘 귀여버ㅜㅜㅜㅜ삭스 때문에 한번 더 보러갈거야!!
4,개인적으로 마녀 캐릭터 이미지는 구자윤이 제일 잘 맞고 잘 살린듯 합니다 앞부분은 루즈했구요 3까지 이어질 타임라인같은데 2보다는 1이 더 기억에 남는 영화입니다
10,마녀3 완전 기대.최근 본 영화중 최고
10,디즈니픽사의 상상력은 대단합니다
10,그래픽도 뛰어나고 재미있고 교훈도 있어요 심지어 음악도까지 넘 좋았어요ㅋㅋ
10,근래 영화 볼꺼 없었는데 젤 잼있고 잘 만들었음. 삭스 최고였음.ㅋㅋ
10,영상이 너무 좋네요 정말 시간 가는 줄 모르고 몰입해서 봤습니다.
10,재미있었어요.캐릭터도 귀엽고요!
10,토이스토리 팬이라면 좋아하실거 같아요ㅎㅎㅎ
4,이제 최고의 브로커는 CJ(이미경)라는 것을 입증하는 영화아닐까? 모두가 태업한 것이라면 납득한다.
10,삭스가 다했다ㅋㅋㅋㅋ삭스 없었으면 버즈 어쩔 뻔 했어
2,대사가 씨발이란 말 밖에 없음
10,"통탄스럽습니다. 이런 자세한 내용을 모르고 뉴스만 보고 그런가보다 설마 아니땐 굴뚝에 연기가 나랴 하는 마음으로 반신반의 하고 있었는데 나의 무지함이 누구에게는 먹잇감을 물어뜯는데 활용되고 있었음을 알고 난 후에 속시끄러워서 알고 싶지 않다고 외면했던 스스로가 너무 부끄러웠습니다. 이제부터는 현실을 직시하고 괴롭더라도 똑바로 봐야겠습니다. 두 눈을 부릅뜨고 아니땐 굴뚝에 연기 피우며 세워진 현 정권이 어떻게 되어가는지 똑똑히 봐야겠습니다. 더는 회피하지 않겠습니다. 깊은 반성의 시간, 개탄의 시간이었습니다."
5,졸려죽는 줄 알았음 배우 얼굴보는 재미로 봄
10,와  액션신은 진짜 헐리웃 영화 뺨 치네요 ㅋㅋㅋ  액션은 월드클래스일듯
8,"싸움씬만은 진짜 진심인 영화!! 스토리 흐름은 너무 어정쩡하고 어설픕니다... 마트에서의 여주나 다른 배우들 행동들은 너무 황당하다 못해, 화까지 나더라구요... 본인 존재 이유나 이런 사단의 원인에 대한 고민같은 부분은 1도 없음;;;"
10,재미있게 봤어요. 잘봤습니다. 좋아요.
10,원래 이런 감상평 안쓰고 쓰지도 않는데 너무 평들이 안좋아서 씀다들 초반에 지루하다고해서 걱정하면서 봤는데글쎄...? 난 오히려 초반부터 너무 재밌게 봤음신시아 연기도 너무 좋았고 액션은 말할 것도 없이 멋있고 시간이 너무 빨리가서 오히려 아쉬웠음 적극 추천
10,아직도 타언어랑 발음에 대해 운운한 사람들이 많네요. 사람마다 딕션이 다르고 나오는 표현도 다른 법입니다. 중국어 모르는 입장으로선 전 어색하지 않게 들렸어요. 토우 연기자분들이 오히려 이종석 배우님보다 잘하시던데 이종석 배우님은 연기를 좀 늘리셔야 할 거 같아요. 매번 같은 연기라 다른 매력이 안보임. 서은수 배우님과 진구 배우님은 전과 다른 연기를 보여줘서 좋았습니다. 다른 사람인줄...신시아 배우님은 무섭다가 귀엽다가 매력 천지고 박은빈 배우님과 동생분도 연기 잘하시고 전 재밌게 봤습니다. 3편 기다릴게요
10,서은수 배우님 걸크러쉬 너무 멋지고 섹시했음..ㅠㅠ
10,조민수 배우님이 보여주는 카리스마는 진짜 압권인거 같아요 3편에도 나와주세요ㅠㅠㅠ
1,언니와 동생이 엄마찾으러감 끝
1,개개갸개햑핵핵핵 노잼
10,액션과 캐릭터가 매력이 터진다ㅋㅋ
1,그냥 심심해서 봤는데.. 괜히본듯. 안본사람 보지마시길.
4,눈빛으로싸움 ㅋㅋ 1편의 반에반도 못미침  코믹인지뭔지 무튼 기대없이 보시길
10,개인적으로 액션 영화 좋아해서 너무 재밌게 봤습니다 배우들 연기 멋지네요 추천합니다
1,노잼….. 돈 아까운 ㅋㅋㅋ
1,진짜 역대급으로 재미없던 영화 마녀 1편 생각하고 보면 엄청 실망함 초반의 지루함은 빌드업이라고 생각했던 내 자신을 때리고싶음 결말까지 최악 시간 낭비하고싶으면 보시길 삼류 중국영화보다 못함
3,지루하진 않았는데 솔직히 재미없어요.1편에 비해 부진하네요
10,생각보다 더 꿀잼 신시아 연기 굿
10,정말 최고였습니다.올해 최고의 영화!
8,전편을 재밌게 봐서 기대카 컸다. 새로운 발견 신시아 나쁘지 않다. 업그레이드 된 능력과 액션은 볼만하다. 다소 어색한 연기들이 살짝 섞여있음. 쿠키를 못봤지만 어차피 3편을 볼꺼기에..
6,메뚜기...
10,마녀2 진짜 진짜 재밌음!!! 친구들이랑 봤는데 부모님도 예매해드리려구요ㅋㅋㅋ 마녀 화이팅!!!
10,지금까지 본 에니메이션중에 가장 예술적인 영화였다. 인간과 반려견의 시선에 대해서 다시 생각해보게 된 영화
1,유죄판결 났는데 무슨 말이 더 필요한거냐...
8,재밋는데 같이 본 사람은 비현실적이래요.. 댓글보고 이해함ㅋㅋ 글구 왜 새로운 사람이 주인공 해브네 ㅋㅋ 당황ㅋㅋㅋ
10,강추합니다 우리나라 cg의 발전에 경이로움과 화끈한 액션신까지 잼나게 봤어요
10,"아ㅜ진짜 너무재밌잖아 원래 이런 평점같은거 안남기는데 진짜 졸잼임김다미 진짜 너무 멋있잖아ㅠㅠㅠㅠ꼭보세요 무조건 보세요솔직히 전 ㅂㅈㄷㅅ 보다 재밌었어요2시간30분 눈깜짝하니까 지나가네요ㅠㅜ두번 세번 보고싶은 영화ㅠㅠ마녀3는 언제 나오려나,,,"
10,1편보다 더재밌게 본영화는 내인생에터미네이터와 미녀밖에 없다
2,"별로임 기대했었는데, 개실망"
10,마지막 30분 액션은 진짜 입을 벌리고 볼 정도로 좋았어요 이건 한번 더 보고 싶네요
1,영화를 어떻게 이렇게 질떨어지게 만들 수 있지?? 황당하네진짜 삼류영화 되버렷네 ㅋㅋ
10,
10,다음편도 빨리 나오길 기대!!
6,따로 나와도 됐을거같은데 굳이 묶을필요가 2탄이 가장 쎄고 3탄은 재미있고
10,액션은 진짜 재밌게 봤는데 중국애 껌 씹는 연기가 좀 어색해요 제가 껌 좀 씹어봐서 껌 씹는 연기를 잘 알거든요 저렇게 씹으면 백빵 혀 깨물거든요
8,초중반 까진 스토리 진행을위한 연출이지만 마지막액션씬과 반전은 엄청났네요
2,망작인가 하며봤어요. 이 영화 어디까지가나... 90년대 영화같아요. 여주의 근육만 멋집니다.
10,역시 매력 터지는 영화였다ㅋㅋㅋㅋ
10,"인생 최고의 작품이라고 할수 있죠.비디오, dvd. 비디오파일도 소장하고 있어요. 얼마나 찾았는지.비디오는 왭에서 댓글을 보고 저에게 무료로 복사해주신 분 덕에 가지고 있습니다 후에, 알게된 사실이지만 저의 아내 친한언니 동생이었다는걸알고 소름 돋았다는, 와이프로 여주인공 닮은 와이프랑 만나 결혼도 했어요.참 영화석 영화같은 이야기 입니다."
2,마블이 와도 얘네 못이김
1,제발 보지마세요 여러분의 돈은 소중합니다
8,"절대 기억할것! 엔딩 크레딧 안보고 나가면 절대안됨. 자막 올라간다고 그냥 퇴장하면, 나중에 후회함. 분량이 애법 있음!"
6,돈을 cg에 쓴거는 알겠는데 그닥..
10,믓찌다 믓찌다 울언니~약간 드라마 보는듯 했다 킬링타임용이라기 보단 약간 넷플릭스 시리즈물 같은 느낌.. ㅋㅋㅋ 빠른 전개를 원한다면 좀 지루할지도 모르겠어요 그래두 재밌었담 마녀3 기대됩니다
2,기대감 없이 가서 봤는데 울화가 치밀었습니다.
10,많이 재미있어요  시간 금방갈정도로요
10,마녀1도 난 재미있게 봤기에 2도 재미있었음!
2,졸았다 1편이 기가막한거3류 중국만화보는줄
10,"이 영화는 정말 좋고, 줄거리도 좋고, 연기도 좋다."
2,스토리 없음. 신시아 졸라세다 끝... 액션은 볼만함.영화끝나고 잠깐나온 김다미 대사몇마디가 더 생각남!
8,별로라고 까고보는 조센징이  평가하기엔 과분한 영화
7,초반 엄청 지루합니다. 참고하세요 기대하면 절대로 재미없을 영화임
10,빵빵터지는 코미디 요소 지루할틈이 없다 ...N차 관림해도 재밌는 영화 킬링타임용으로 좋으면서 사운드 좋은 영화관에서보기 좋은..  OTT로 나오면 또 봐야지
9,"스토리보다 액션이 더 중요한 영화라고 생각하고 보니 엄청 재밌었음. 신시아, 서은수 넘 좋고... 그분(?) 나오실 때 속으로 헉 소리 냈다 정말..."
10,재밌는데용 ㅋㅋ 쿠키있는 줄 모르고 안보고 나옴 쿠키들 보고 나오세용
4,음.. 시즌1을 너무 재밌게봐서 기대가 컷던거같다
10,3편이 기대되는 영화제2의 김다미 신시아의 발견.
10,마동석의 화끈한 포포몬스. 시원시원한 영화. 감독과 배우들은 액션영화의 존재이유를 명확히 파악하고 있다.
10,첨부터 끝까지 시간가는줄 모르고 잘봤습니다1편부터 2편까지 잼있네요~~~지루하다고 하시는분들 많은거 같은데~~~~ 어느영화든 지루한 장면이 없는영화가 있을까요~지루한거 싫고 액션만 기대했다면~~~ 집구석에서 UFC 보시길~~~
10,비공식 1000만 영화….
2,너무 과도한 cg가 오히려 독이 되는 영화
7,"마지막 김다미 10분 컷을 위한 2시간의 재롱잔치 명품감독, 배우, 연출, 스토리에 재뿌려진 쓰레기같은 디즈니, 마블식 신파... 3편을 위한 지루한 신고식이라고 생각하는것이 편함, 다만 액션신을 좀 겯들인"
10,중2병 영화임? 보다 나왔음 어휴 ;
6,"다 유치한데, 대사가 제일 유치하네요. 외국인과 차량에서 티키타카가 꼭 필요했나요?"
10,내용좋고배우들연기쩝니다
10,
1,영화의 고증은 일단 뒷전이고 너무 실망했다 그냥 아 시간아깝다. 너무 열받아서 속상한마음에 여기다 적는다.
2,확실한건 주인공 출신지가 절대 한국은 아닙니다^^비하 이런거 보다는 한국과 더 나아가서 동양에 대한 생각이 너무 편협하달까요..영화로 선보이려면 고증 정도는 하는 성의를..시대극도 아니라 그리 어려운 것도 아닌데 ㅎㅎ감독이자 주연인 미스터츄씨는 과연 한국인?
1,유니버스를만들려면 개인별로 다른능력을가지게된서사를 만들고나서 나중에모으던지이건무슨 다똑같은능력인데 레벨높은애가무조건이기게만들고 액션은 cg로도배해서 중국스럽고3편은 보기도싫다
6,쥬라기 공원을 가지고 3류 가족 영화를 만들어놨네....
2,액션이고 머고 ㄹㅇ 발연기에 초중반 뭔소린지도 모르겠고 지루하고 노잼
10,손석구 너무 섹시해요 마동석 너무 멋있음사랑해요마동석체고기요미
10,영화는 보고 평점  쓰고 추천 누르는거냐?  그간 한국영화가 하지 못 하는걸 이 시리즈들은 하고 있다 대박!
6,예상가능한 스토리에 예상가능한 연기자들의 연기.편안하게는 볼수 있구요 그래도 볼만은 합니다.스펙타클한것 좋아하시는 분들께는 비추
10,3편 나오길 얼마나 기다려야 할까 ㅠㅠ
1,"스토리 난잡하고 3편때문에 떡밥만 던져놓고,액션씬 더럽게 어지럽고 중국무협지 보는거 같앗음.무슨 생각으로 이러신거지...차라리1편한번더보고 3편봐도 아무문제 없을거같음..."
4,돈 더주고 3D나 IMAX로봤으면 등싸대기 맞았을듯;;;
10,알바들이 많은지 평점보고 영화봤는데 6점대 영화는 아님 영상미나 8점까지는 괜찮을거 같아요범죄도시가 9점대면 ㅋㅋㅋ타이타닉이나 아바타 동급인데
9,정체성의 뿌리란
2,1편은 액션씬 연출에 놀랬고 2편은 어딜 때리는지도 모르는 최악의 cg로 인해서 놀랬다
2,마녀1를 너무 재밌게 본건가?억지스러운 웃음 포인트 남발에.생각나는거라고는 먹방 밖에 없다.내가 뭘본건지...아오.. 다들 액션씬이 좋다고 하는데 그래픽 말고는 마녀1보다 나은게 전혀 없는데..? 오히려 타격감 액션은 마녀1이 훨씬 낫지..
1,재미었음 1이 훨씬재밌다 실망임 액션만 볼만하고 스토리가 별로임
10,"긴장감과 코믹을 왔다갔다함, 단짠단짠 매력"
2,별 필요없는 대사들과 억지 분위기연출에 쓸대없이 과한 사운드효과에 액션은 무슨빨리감기처럼 호다닥 액션. 쌩뚱맞은 인물배경에. 왠 버스납치. 왠 중국어쩌고(특히).. 그놈에 본사. 그정도 힘이있는 변종들이 총은뭐하러들 갈겨대는지. 진구 배우님한테 처음 실망. 뉴페이스 어린배우 보는맛에 보면 보고.... 따분 지루함
1,지루하였다.전달할려는 내용은 뭔지 알겠는데너무 뻔하다.그냥 폰으로 롤토체스라도 하는게 더 재밌을꺼같았음.
10,
1,마녀2  주인공이 마녀 잡으러 다니는 서은수임..마녀3을 위한 스토리 썰  푸는 정도..
10,"마녀1보다는 못하지만, 충분히 재미있었음"
4,주인공을 왜변경해서 영화를 이렇게 찍었나 ~~아~~1편이 10배잼 있는듯 ㅡㅡ
6,1편과는 다르게 의외로 코믹 요소가 많고 볼만은 했으나 1편을 너무 의식했는지 좀 과한 부분이 많았음..
10,
3,3편 만들기위해  잠시 동안 쉬엄가는 스토리  근데  스토리가  안맞고  대체 왜? 왜? 대체 무슨 내용이야? 2편이 아니야  그냥  마녀 인기 때문에  어쩔수 없이   만들어 놓고 보자는 영화 ...그냥  1편에서 그만하지 ㅠㅠ
6,박은빈 좋아하는 배우인데 이 영화와는 안 어울리네요.액션씬은 볼만하나 영어 대사 많이 넣은 것에 비해 유머 코드나 재미가 떨어집니다.더욱이 욕이 너무 난무해서 보기 불편하네요.
9,제주의 애월을 예쁘게 잘 담아냈습니다. 이천희와 조연배우들의 연기가 좋네요~~!잔잔한 애월의 파도 같은 영화.
6,"여배우들 욕설이 너무 어색함. 그리고 적이건 주인공이건 어벤저스 토르보다도 더 강한듯..액션은 안 보이고 걍 쳤다하면 날라가 버리고;; 1편과 비교하면 스토리도, 액션도 너무 아쉬움."
8,코로나 끝나고 1편 덕분에 천만찍었다
2,안나가고 좌석에 앉아있던 내 시간이 아깝다...
2,"마녀1이랑 똑같은 감독이라고는 믿을수 없게 연출이 cg투성이다. 신시아는 2시간동안 대사도 거의없고 그냥 무표정하게 걸어만다니면 적들이 알아서 쓰러지는 기적을 행한는데 모세가 홍해를 가르는걸 보는느낌이다.전편의 액션은 투박하고 직접적이어서 좋았는데 마녀2는 닥터스트렌지 짭을 보는느낌이다 그래도 스트렌지는 손이라도 움직이면서 주문같은걸 하는데 이건머..,  걍 걸어가면 상황종료니... 오마주도 제대로 못했네요ㅋㅋ 전편액션이 그립네요ㅋㅋ"
10,오랜만에 존나재밌게봄
1,지옥에서 송강호씨 딱 한 명만 내공으로 겨우겨우 살아남았네 ㅡ.ㅡ
7,마블이 만든 로건 느낌..
10,이를 1편 제작단계부터 계획했다면 박훈정 감독은 실로 대단하네요. 1편은 그저 스타일리쉬한 B급 액션물의 느낌이었다면 2편 부터는 구성의 뼈대가 보이고 세계관의 밑그림이 살짝 보이는 느낌... 3편이후의 내용이 더더욱 기대됩니다.
10,난 좋았는데 다들 악평이 많네 ㅠㅠㅠ 저는 잔잔하고 좋았어요 여운도 많이 남았구요 감독이 일본인이셔서 그런지 한국영화보다는 일본영화 같은 느낌이 많이 나요. 그래서 평이 많이 갈리는 것일 수도..???아무튼 전 좋았어요 그리고 송강호님도 연기 좋았지만 배두나님이 연기 너무 잘하시더라구요. 잘 보고 왔습니다~
2,배항해 합성인거부터 웃기더니..심해에 잠수복하나 덜렁입고 들어가는것도 웃기더니.. 외계인인형같은 심해베이비들고 흔드는것도 웃기니
6,너무 많아진 등장인물에 앞부분은 루즈하고 많이 기다렸는데 기대를 채우지는 못했네요..3편에서 더 나은 모습 보여주실거라 생각합니다.
10,1때도 재미있게 봤는데 마녀2 역시 재미있었음
10,
10,평점 1점주는애들 보고하는건가 액션 미쳤고 배우들 연기도 잘해서 몰입감 좋아요 생각보다 피가 많이 나와서 아이와 보기에는 어렵지만 부부나 커플이서 보시면 좋을거같아요
10,"액션신은 1편과 비교가 안될정도 입니다.1편보다는 몰입감이 떨어졌으나, 충분히 훌륭하고 박수를 보냅니다."
7,기대했는데 생각보단 별로였어요 마녀 1보다 재미없었음... 그래도 재밌ㄱ 봤습니당
1,진짜 ㅈ같이재미없음 언제끝나나만 고민함
10,3편 기대되네요 서은수 배우님 연기 넘좋네요
10,김다미는 까메오 출연이고. 이쁜 배우들이 주연으로 나오다보니 언니들이 많이 불편하신 듯.  중2감성 B급액션도 장르라 1편에 이어 충분히 재밌게 봤음
5,외국어 발음들이 다 너무..ㅋㅋ 몰입깨져요ㅜ 나머진 이냥저냥 괜찮았어요 초반엔 넘 지루ㅜ 그냥 3편을 위한 영화 같아요
4,<어느 가족>의 고레에다 히로카즈의 한국영화라 더욱 실망했다.
6,초 중반 너무 지루함 반전없음 마지막 액션빼곤 기대 이하네요
8,너무 스케일을 크게 하려다 보니 조절은 난해하지만 분위기는 좋았다.
10,25살 인생 코미디 탑3안에듭니다 ㅋㅋ 재밌어요
10,1편보다 재밋네요 좀 과한 cg가 느껴졌지만스토리 다 좋았어요 이제 글로벌로나아갈거같은 느낌이 ㅎㅎㅎ 그리고 서은수님 연기잘하시네요여태까지 순한 역할만 맞으셔서 나오셨을때 깜놀...
8,"기대한만큼 실망도 생기긴했지만 재미도 있고 몰임감도 있는데, 솔직히 개인적인 생각이지만 나는 마지막 후반만 생각나요. . . .거기가 너무 뚜렷하게 생각나 정말다들 연기는 진짜 잘해요"
2,너무 재미없음 자고나옴
4,감독이 매트릭스를 많이 본느낌이 있더라적이 근처도 못오고 중국애들은 왜 차타고댕기는지 날라댕겨도 되겠더만ㅎㅎㅎ보는내내 김다미랑 신시아랑 러시아갖다놓으면 몰살하것다 생각듬
4,"마녀1 못보고 마녀2 상영하였으나...액션은 훌륭했다 그러나 전반적으로 ""에?뭐야 끝났어?내용뭐야 뭐가이래."" 였다뭔가 많이 허무하면서도 황당했던 영화"
4,진짜 이게 영화라니 액션씬리이라도 잘찍음몰라쿵푸허슬인줄
8,중국애들 연기한 애들의 발음이 구리긴 한데 (저 중문과) 김은수 배우님 영어 발음에 반했네유액션 좋아히면 함 보셔요~
8,좀 지루하네요...감동도 별로 ㅠㅠ
6,1편보다 못한 속편인물이 넘 많이 등장하지만..존재감이 미미함..이종석은 3편을 위한 보여주기식 등장? 게다가 초반부에 쓸데없는 장면이 넘 많아 전개가 지루함. 후반부에 액션이 터지긴 하나..앞의 스토리와 별개로 논다는 느낌. 전작보다 돈을 많이 써서 액션의 땟깔이 좋으나..주인공이 사실 너무 세서..치고 박고 싸운 전편의 쾌감보다 못하다. 빌런들이 뭐 주인공 근처에도 못 가니..오히려 황당함..다미는 그래도 많이 맞았는데 ㅋㅋ..뭐 여주 연기도 대사가 없고 표정은..캐릭터 자체가 각본의 실패로 정서적으로 몰입이 안됨..너무 진중함..그래도 뭐 3편을 기대하게 하는 요소는 있기에..ㅋㅋ
6,크리스프랫이랑 강형욱이랑 오버랩되는건 나만그런가요?ㅋㅋㅋ
8,"먼저 배경을 짚어보자. 마녀1편은 제작비의 한계로 마지막에만 액션을 넣을 수 있었다. 해외로케로 추진되던 2편의 투자가 무산되는 위기에서 감독은 시나리오를 소소하게 조정하며 1.5편의 느낌으로 다시 3편의 교두보를 완성해야했다. 그것도 4년의 기다림이 필요했으니 선택의 여지가 없었지.그럼에도 불구하고 마녀2의 초현실 액션과 연출, 상상력은 높이 평가할만 하다. 어벤져스가 나오기를 기대한 것은 아니잖은가? 손가락을 튕겨 우주의 절반이 사라지는 것은 받아들 일 수 있지만, 펀치로 자동차를 날려버리는 것은 인정할 수 없는 사람이라면 보지 않기를 권한다. 아, 그리고 비교적 잔인하다."
10,"신시아??, 김다미??, 액션 넘사벽. 재미있어요."
2,"하나부터 열까지 킹받는 영화치명적인척, 카리스마있는척, 힘순찐 중이병 영화임. 연기도 별로고 아무 의미도 없는 대화, 이상한 개그까지 날림 하…그냥 시간 아까우니 제발 보지마셈"
2,ㅋㅋ....보지마 제발
10,시리즈가 계속 기대됩니다. 영화내용도 시원시원하니깐 속편도 시원시원하게 바로 매년 1편씩 가시죠.
6,샘 레이미의 색깔을 MCU에 그대로 들고 오는 것 까지 좋았다. 하지만 마법사의 화려한 마법은 찾아볼 수 없는 마법 같은 영화
9,액션이 아주 훌륭합니다. 마블영화 보는줄알았음중국어 연기는 좀 아닌듯 한데.. 전체적으로 좋았습니다. 3편 마무리 기대됩니다.
10,누가5야~? 이 대사는 거북이달린다에서 먼저 나온 명대사인디?ㅋㅋ
8,중국애들 너무 빨아주네 ..
6,
9,아이들과 보기 좋습니다. 재밌게 시리즈 마무리 잘한거 같습니다.
10,초중반 영화보는동안  지루함에 하품도나왔지만 후반부 액션장면은 볼만했어요
5,음.. 이란 단어가 가장 적절한 평인거 같다
10,나도 누군가 힘들때 기댈수 있는 사람이 되고싶다
8,솔직히 구자윤 중심으로 갔으면 좋았을것을 그리고 감독 감각이 5년전에 머물러 있는거 같아서 아쉽고 마블 CG에 익숙해진 나로서는 너무 엉성하게 느껴짐 그래도 우리 다미 봤으니 8점임 ㅋㅋㅋㅋ
6,"한 아이를 키우기 위해 마을 사람들 전체가 필요하다는 말이 있다. 미숙한 엄마가 자신의 아이를 지키기 위해 어디까지 할 수 있는지, 심성은 착한 마을 사람들이 그 아이와 엄마를 위해 무엇을 해줄 수 있는지 현실성을 배제한 동화 창작은 아쉽기만 하다."
10,이런게 진짜 힐링 영화 같습니다. 박중훈배우님 최근에 안보이시던데 연기 최고~
1,마녀 1을 정말 많이 봤고마녀 2를 개봉하자마자 봤는데기대가 커서 그랬는지 마녀 1에서의액션정도를 기대했는데 갑자기 중국영화가 된것같네요..그래도 마녀3는 잘나올거라 믿고 기다리겠습니다.
1,
10,액션씬은 좋아요. 근데 억지로 웃음코드 넣은건 별루 . 그래도 김다미 나오니 ^^ 3편은 기대되요. 1편은 좋았고 2편은 약간부족  ... 엔딩크레딧 이후에 쿠키영상 나옴
10,"마녀1에 이어지는 the other one 이야기가 처음에는 뭔가 싶다가 뒤로 갈 수록 이해가 되네요.전편만큼 충격적이진 않으나, 볼만합니다.마녀3이 기대되네요. 빨리 나왔으면…"
6,지루한 감이 있지만 나름 좋은 영화
10,나 자신은 아니라고 애써 말해봐도 결국 시간이 지나고 점점 노출되는 빈도가 낮아지면 관심도가 떨어지더군요.. 이렇게 영화로 사회적 문제를 다뤄주시고 대기업의 장난질을 당할 수 밖에 없고 현실적 문제에 부딫히는 서민들의 마음을 간접적으로 알 수 있어서 좋습니다
10,"마녀1을 봤다면 확장된 세계관에 만족할것, 마녀 유니버스 확장을 위한 이야기. 액션은 더 업그레이드 됨"
8,지루한 면이 없지 않아 있었는데액션 하나만큼은 끝내줬어요:)마녀3로 가기위한 교두보
10,3편후속을기대하게만드는 궁금증
4,시즌1이 진짜 재밌었네
8,"각자 자신들의 경험, 살아온 나날들이 투영되서 인지 모르는 사람의 아이를 지키려는 모습이 비현실적으로 보이지는 않았다. 영화에는 가슴아픈 현실들이 포함되었지만 가까운 사람들에게 받지 못한 치유를 모르는 사람들로 하여금 치유되는 과정이 인상적이다."
1,"최종 편집본이 맞나 싶은 CG, X발 이라는 욕이 없으면 안되는 대사들, 담배와 양주로 이루어진 케릭터들 3가지의 하모니가 합쳐져 1편의 감독이 맞나 싶은 의혹과 세계관 확장이라는 명분 아래에 똥을 싸도 관객이 봐줄거라 생각한건가?"
1,오랜만에 친구랑 보고 왔는데 감동 포인트도 없고.. 재밌는 장면도 하나없고.. 하 친구랑 보는데 어색해서 죽을지경 ㅠㅠ  제발 보지마시길 이거 볼 빠에는 범죄도시 2 보세요 친구랑 보고 나서 아무말도 안했어요 돈 날림 ㄹㅇ 아이유 연기도 넘 어색해요.. 모든게 자연스럽지가 않음 전개도 점점 산으로감 진짜 보시면 후회함 세상 잔잔한 영화 칸 영화제 어떻게 갔지..?? 영화 보다가 자는 사람도 있었구요 화장실 들락날락 하는 사람이 대부분.. 그리고 휴대폰도 띵작이면 다들 꺼놓을텐데 재미없으니까 다들 폰만 보더라구요 ㅋㅋ... 알람 켜놓은 분도 계셨음
6,"이번편은 극장에서 안봐서 극장판에서만 볼수 있는 아동영화치고 므훗한 씬이 있었는지 알수 없지만 비디오판만 봐도 그러한 요소가 없다는 걸 알 수 있었다. 본 시리즈의 섹스어필을 담당했던 혹성국의 마녀(최은정)는 2편에서 확실히 죽은 걸로 처리되어 다른 여배우로 교체됐고.. 1,2편에선 언급조차 없던 혹성국의 여왕이 나오는데 한눈에 봐도 아지매(…) 코스츔은 검정색 레오타드에 빨간색 타이즈를 입었는데.. 지금도 아재들에게서 최은정님이 언급되는 이유인 1편의 최은정님의 황금색 하이레그 레오타드 핏이 안나온다 ㅠ 그리고 순돌이 형의 코스츔이 빨간색 레오타드와 노란색 타이즈에서 우주소년단 같은 제복으로 바뀌었음.. 그럴만 했던게 1편에서 순돌이 형이 레오타드를 입었을땐 뚱뚱해도 귀여웠는데, 2편에선 너무 쪄서 레오타드와 타이즈가 터져버릴듯한 보기 흉한 핏이었음 ㅠ 마녀.. 아니.. 여왕 쫄따구들의 코스츔은 2편과 거의 동일하나 팬티에 똑딱이 단추가 사라졌다는 차이가 있지만.. 레오타드의 팬티에 남자의 똘똘이가 꼭 끼이는 걸 감안해서 1편처럼 꼭 끼이는 피팅이 아니라 2편처럼 헐렁하게 피팅되게 디자인됐음.. 다시 말해 팬티입고 똥싼 듯한 핏(…) 그리구.. 로봇이 이번에도 도용인데 뜬금없이 자붕글을 가져왔는데 1,2편의 비룡은 어디다 팔아먹었는지 언급도 없다.. 또 혹성국은 진작에 쫄딱 망했는데 별똥왕자 납치해서 어쩌겠다는 건지도 모르겠는 플롯도 3부작 내내 동일하게 진행된다.. 어린 시절 꼴림을 선사해줬던.. 시리즈의 시그니쳐와도 같은 여자끼리의 캣파이트씬이 빠진 게 특히 아쉬웠는데.. 평범한 옷 입은 정효진님이 수영복 같은 황금색 레오타드와 검정색 타이즈를 입은 최은정님을 반듯하게 눕히고 몸위에 올라타서 전신밀착 합체하고 몸과 몸을 부벼대며 최은정님이 입은 금색 레오타드의 팬티 옆부분을 손으로 더듬다가 손가락 사이에 팬티를 끼우고 비비면서 감촉을 느꼈고 최은정님은 눈감고 효진님한테 깔려 반항없이 얌전히 누워있는.. 1편 극장판의 페티쉬 액션이 사라진게 아쉬웠다"
1,너무 별로네요 중간에 나가고 싶은 영화
10,화려한 액션씬 최고! 3편이 기다려진다.
10,어제 보고왔는데만족한다는사람  실망스럽단 사람  다 납득 할만합니당 ㅋ.ㅋ 2시간 안에 전편이랑 이어서 전개를 해야하니 좀 이해안가고 빠진거같은 부분도 있었는데 전  크게 기대안하고  가볍게 보러가서 나름 만족합니다 ㅎㅎ쓸데없이 질질끄는 장면이 좀 많습니다 ㅠ진구를 싫어하는게 아니라  진구가 그렇게 비중이 있어야하는 역할인가 싶기도하고..  좀 루즈한 장면이 시원시원한 액션씬보다 많습니당   ..   걍 가볍게들 보러가세엽   신인배우들도 볼겸 ㅎㅎ
10,3편 언제나오쥬.. 마지막 액션씬은 증말 입 벌리고 봤음
10,
10,
5,시리즈가 하고싶었나봉가
10,"액션 대만족, 새로운 얼굴들 대환영, 3편 기다림."
6,스토리에 도움 안되는장면만 1시간될듯... 마지막 20분만보면 되는영화
10,진짜 내 인생 최고의 시리즈 드래곤 길들이기2도 너무너무 재미있었다.
8,명대사 :: 준석이 아버지 초상날 염불소리.... 무상심심 미묘법 백천만겁 난조우 아금문현 득수지 원혜 여레진실의 아제아제바라아제...(해석) 끝없이 깊고깊은 미묘한 묘법을 백천만겁년이 자나도 만나기 어렵거늘 내가지금 둗고배우니원혜 여래진실한 뜻이로다....ps 한때 외웠던 개경계 ...살아계신주 나의 참된소망 근심걱정 전혀없네 사랑의주 . 성령을 안고사는 지금은 예수쟁이가 되었다. 모두들 예수믿고 천국가자... ! ..니가 믿으라면 내가믿어야 되나? 참새 ×만한 자존심 내세우지 말고 ..잘하면 천국티켓하나 줄지도모르는데..나는 갈끼다...썩은× 마이 무따 아이가...으리가 뭔지 아나? 이기바로 으린기라....자 써(무)라... 필요할끼다. ..삼촌많아도 방황하고 돌아다니는데 머르쿠는 늠이없어 .. 그때  누가 한마디 해줬음...  생각나서 ...읊어봤다. 예수쟁이가 까분다고 욕하지마라.예수믿는것 빼면 다 똑같은 죄인이다...오라잇?..
2,무슨 말투 연기 왜이럼? 보는중에 거부감 계속 드네.연기 말투 최악인듯
10,꼭!보시길 추천드립니다.
1,"최근 몇년간 최악에 연출, 스토리, 대사, 연기 뭐 하나 볼만한게 하나도 없음 쓰레기 같은 영화"
10,넘흐 재미짐
10,구자윤은 역시 구자윤이다...
10,마녀 2 박은빈 화이팅!!!
2,실망..코믹영화가 아니잖아요ㅜㅜ그런데 왜 억지웃음 포인트가 이리 많은지. 뭔가 나오겠지..기대하다가 2시간 보내고 허탈하게 나왔어요.
5,볼 거리는 좀 있지만 스토리가 별로네요
10,1재밌었으면 2도 재밌을듯
6,휴머니스트가된 셜록 전개는빠르다
1,
5,여사님의 능청스런 사악함이 와 닿지 않는다..
10,역시 기대이상 마녀3도 기대할게요
7,뭐랄까.. 1편이 진짜 놀라운 액션 같았다면.. 2편은 SF조연들 연기도 어색하고 불편했네요. 스토리도 억지로 맞춘듯 하고.. 기대를 너무 하고 본 건지. 7점이 많은 거 같은데 그렇다고 6점대는 야박해서 ..
10,"진짜 오랜만에 존잼 영화 봄,,, 손석구 부들부들떨면서 분노하는 연기 보고 진짜 ㄱh소름돋았ㄷr,, 연기 취미로하기엔 진짜 OOO기력인듯 ;;;"
1,"ㅋㅋ 나만 그지 같다고 생각한거 아니네, 한 10분 봤나? 보다 끔, 한창 넷플 돈 벌때 찍었던거라 막 찍어내던 영화같은데, 넷플 정신차리자"
7,2편부터 너무 급발진. 3편엔 원기옥 쏘고 하늘을 날아 다닐것 같음. 드래곤볼 실사판을 보고싶으셨다면 추천.
10,미친듯한 후반부 약 빨은 액션 쌍따봉!
2,중국판 파워레인저 상위호환
1,배우들 연기가 좀 아쉽습니다. 서은수는 그냥 그렇네요
2,너돈은 쓰레기통으로  던져졌다
9,역시 토이스토리.. 디즈니.. 픽사.. 그리고 버즈다. 시간이 이렇게 빨리 지나간 줄도 모르고 재밌게 봤음. 우주 공간도 몰입 잘 되고 표현도 진짜 몰입 잘 되게 섬세하게 함. 특히 고양이가 너무너무 귀엽다?? 왜 아이맥스로 안 봤지
3,영화가 허접해서 웃길려는 노력이 보인다.
2,다들 연기가…. 특히 서은수 영어할때 너무 오글거림…  김다미가 나오고 나서야 비로소야 마녀영화를 보는것같았다
6,마녀1이랑 스토리가 이어져서 비교해서 볼수밖에 없는데 기대를 너무 많이해서인지 1보다는 확실히 별로임. 주인공을 이세계 최강자로 만들어놓음 이거랑 떡밥만 뿌려놓고 끝맺임이 아쉬움
10,"1이 대박이 나서 2는 또 멋있는척 하면 어쩌지 싶었는데 감독도, 스토리도, 배우들도 자기의 역량을 잘 살려서 너무 재미있게 잘 만든거 같아요. 나쁜놈은 그냥 처맞아야돼 이런 부분도 너무 좋구요. 혼자왔어? 어 나 솔로야 - 를 이을 대사로 50대 50? 누가 50이야 만든게 보이는데 1편만큼의 임팩트는 아니었지만 어쨋든 캐릭터를 잘 살리는 대사랄까요. 정말 즐겁게 봤습니다. 3도 촬영 결정했다고 하니까 기대되네요. 부모님 모시고 가서 봤는데 두분 다 즐겁게 보셨어요! 잔인한 부분도 있지만 다들 즐겁게 봤네요"
2,"최악임 ,동성간 뭐하는짓임? 아이들 보고 충격먹음"
10,1편 안보신분들 요약본이라도 보고 가세요. 액션 대박 멋있고 3편 기대됩니다^^ 새로운 마녀도 겁나 귀염뽀짞한데 개쏌 짱쏌ㅎ 토우들도 멋있고 서은수배우님도 존멋 ㅋㅋㅋㅋ 김다미 나올떈 소름쫙 돋았어요. 글고 쿠키 완전 중요해요 꼭 보고 나오세요.
4,하... 진구 연기 진짜 이상함...
10,액션 연기 스토리 다 최고였어요!
4,영화의 주제 의식이 약하면 일어나는 이야기
4,뭐죠~?마녀3편 예고편을 길게~~돈주고본느낌이었습니다
10,믿고 보는 박훈정 감독 영화. 영화 속 액션은 마치 헐리웃 영화를 보는 듯 했다.
1,그냥 뇌절한다는 느낌 심하고 불필요한 내용 질질 끔 ㅇㅇ 그리고 질질 끈 거에 비해 결말은 허무함 반전포인트는 하나 잇음어색한 연기부분도 넘 많고 웃기려고 하는 욕심은 알겠는데 그게 너무 많고 티나니 정색하게됨 딱 두 번정도 웃은듯 전체에서
10,걸작을 왜이제야 알앗지…..  주인공역 배우 연기 너무 잘한다. 후반부에 완전 해골이던데 감량한다고 엄청 고생했뎃다 ㅠ
10,액션 스케일이 기대 이상.. 3편도 보구싶음
6,Cg가 너무 엉성해... 중2병감성도 여전히.
10,3편이 기대되는 작품 원작만큼 재밌고 몰입도가 깊었음 시간도 빨리가고 마지막 반전이 너무 재밌음
10,"너무 기다렸는데, 기다린만큼 너무 재밌게 봄.역대 모든 한국 영화중 무술팀에 가장 많은 예산을 들였다는 영화다운 액션"
10,리얼 졸 잼!!.~~~~
10,한국영화가 레벨이 이정도다!!
10,신시아 대사가 너무 없어서 아쉬웠어요
10,"재밌어요,"
1,사람들이 보지 말라는거엔 다 이유가 있다
10,난 재밌던대 2시간이 후딱
8,"외로운 보이저호의 항해에 함께할 추억, 용기, 그리고 곁에 있는 사람들을 위하여! 무모하대도 믿어 난, 나의 여정을 믿어 난!"
10,윤계상.박용우 멋있네요. 윤계상  어떤의상을 입어도 멋짐. 재미있어서 두번봄
2,마녀2
2,님아 찍느냐 고생했어요
10,50대가 되어보니 그들의 마음이 모두 이해되고 모두 함께 우성이를 지켜내어  따뜻했네요
10,액션 영화 좋아하면 무조건 보세여ㄱㄱ
10,
6,그냥 생각 없이 보기 좋았으며 유치하며 조금 오글거리는 모습도 많았고 어두운 분위기에 검은색 옷을 입혀두니 화려한 액션씬이 가려져 아쉬웠음
2,1편 때 나오던 구자연 연기가 넘 좋았어요. 액션씬도 좋았고. 2편에서는 새로운 마녀가 나오는 구나 뭔가 그 주인공이 액션적인 부분이나 그 외 감정씬에서 1편처럼 훌륭한 연기를 기대했어요. 제 기대가 넘 실망스럽습니다 .주인공의 액션 하나 없이 그저 기운만으로 눈빛만으로 주변의 사람들이 날라가는 거 보고 재미포인트를 어디서 찾아야 할지 ㅜㅜ 기대이하로 넘 실망스럽네요 가장 재밌었던게 마지막쯔음에서 구자연 나오는 씬이었을 정도로 …. 이종석은 왜 나온거죠? ㅎ 이종석이랑 차라리 마녀랑 싸우는 씬이라든가 뭔가 긴박하고 가슴졸이는 씬이 없어서 저는 평 안 좋게 썼어요 그저 컴퓨터 그래픽 같은 싸움씬. ㅜ 새로운 마녀의 활동이 없는 부분 . ㅜ 마녀1에선 그 마녀가 정말 마녀일까 싶은 생각이 들도록 보는 사람도 헷갈렸었는데…. 이건 뭐 2편에선 전혀 그런것도 없네요 이런 부분도 좀 개선이 됐었으면… 뭔가 반전이 있었으면 좋았을텐데 넘 아쉬워요 ㅜㅜㅜㅜ
7,3를 위한 밑그림을 나타낸 영화
8,내가 앤디였다면 버즈 보다는 삭스 인형을 가지고 놀았을 듯..
10,시간가는줄 모르고 봤네요 꿀잼~^^
10,기대했던대로 액션 좋네요 재미있어요 ㅎㅎ
10,김다미 너무이뻐요 너무이뻐요 짱
10,액션만큼은 기대에 어긋나지 않았던! 믿고 보는 박훈전 감독표 액션영화!
10,액션 스케일.. 맵다 매워...!!!
10,재밌어요~ 1편도 재밌지만 2편도 기대이상
10,감동과 여운이 시간이 지나도 남아 있네요. 영상미 연기 내용 모두 우수한 작품입니다.
10,이종석은 한게 없다 ㅋ조수미도 한게 없다 ㅋ김다미도 한게 없다 ㅋ나머지분들 고생하셨다일본 애니 원작 영화느낌이 강하다원펀맨급임 ㅋ 좋아하시면 추천 ㅎ
10,굿역쉬   말해 뭐해 !!! 마녀2 ?♂?  ?♀?  마녀3 기다리겠습니다^^
2,기대를 너무했나 생각보다 지루했음
10,마녀1에 이어 마녀2  대단합니다.긴강감을 늦출수없는 스토리 압도적스케일 한국액션의 최고봉
10,재미 없다고 하는 놈들은 뭘 봐야 재밌냐? 재밌기만 하구만
1,만화도 아니고 2022년 내가본 최악의 영화스토리 개쩐다 마녀3  나오면 난 안볼란다
10,매력적인 캐릭터들이 많아서 지루할틈 없이 봤던것 같습니다~ 역시 여름에는 액션이 짱
10,속편인데도 1편보다 완벽한 액션이라니 감동
6,토이스토리 4까지 완벽한 서사를 보여준 픽사였는데 굳이 이정도 퀄리티 작품을 만들려고 외전을 제작했는지 참 아쉬울 따름..물론 졸작까진 아니지만 픽사만의 독창성도 볼 수 없을뿐더러 노골적인 pc장면으로 불쾌감을 줄 수 있을듯..
4,범죄도시가 대단하다는 걸 느끼게 해 준 영화.. 다미언니 돌아와...
1,인터칸 PC방 최고네요
10,후반 액션 개잼.. 3편 기다린다
1,기대가큰만큼실망이크네요
10,역시 마녀 잘 봤습니다.
10,역시 마녀 잘 봤습니다.
10,천만 넘었길래 그냥 아무생각 없이 봄! usb에 빵 터졌다!ㅋㅋ 역시 믿고보는 동석이형~ 구씨~ 연기력 쵝오!
9,아무 생각없이 킬링타임용으로 보기 좋아요
10,너무재밋게보앗습니다 역대급입니다 와이프와 뱃속아이와함께보앗어요
10,볼만함 한국영화 잘만드네
10,남자 주인공 너무 착해..
9,액션 sg 1편처럼 감동
4,정말 오랜만에 재미없어서 중간에 졸렸던 영화입니다. 대사 자체가 어색하고 쓸데없는 18남발..재밌게 잘 만들어진 영화는 장면전환을 못느낄 정도로 몰입해서 보게 되는데 이 영화는 다 따로 노는 느낌..어떻게 시리즈로 찍으시려는지.. 감상 포인트를 뭘 골라야할지... 쿠키조차 재미없는...
8,"배우들의 연기가 매우 출중하여 연기력만으로도 볼 만한 영화라고 생각한다. 많은 평처럼 영화 내내 잔잔하지만, 대사 하나하나에 집중한다면 꽤나 몰입감있는 영화라고 생각한다."
1,진짜 최악. 재미없음.
10,최고의 여성. 동시대를 살아가서 행복합니다.
2,걍 티비에서 나오면 보세요 ㅋ1편에 감동은 1도 없음
10,액션은 진짜 짱인데...  3편을 기대하게하는 2편...
6,그냥 저냥 볼만했는데 ㅋㅋㅋ 중국어 ㅋㅋ 토우 네분다 심각 ㅋㅋㅋ
2,"2편은 3편 낚시를 위한 미끼먼가 있겠지 기대 했으나 아무것도 없는 스토리, 서은수에 발연기로 남자외국배우와의 캐미는??"
10,내용은 모르겠지만 배우분들 연기가 너무 좋았어요
10,생동감 있는 영화에요 잼나여
10,시원한 액션. 장르가 마동석~~
10,2시간이 어떻게 지나갔는지 모를 만큼 몰입해서 봤습니다~^^ 끝나고 쿠키영상까지... 1편부터 봐왔는데 3편도 기대됩니다...
10,처음부분은  지루햇으나  나중에 액션 부분이  신나서  시간 가는줄  몰랏다 ㅎㅎ  굿굿굿
10,와 기대이상이었어요 후반 액션신 미쳤어요
10,손석구에 빠졌다면 무조건 재밌게 볼 수 있는 영화
10,소름돋고 최고였다 3편도 기대중
10,액션 졸잼임 귀멸의 칼날보는줄
10,화면을 꽉 채우는 장면들과 흥미로운 스토리 전개에 쉴 틈 없이 보게 되더라구요 마지막까지 아주 재밌게 관람했습니다
10,피가 거꾸로 솟을 것 같은 조작과 폭거에도 아무렇지도 않게 흘러가는 이야기가 끝날 때 즈음에는 분노로 몸을 부들부들 떨리게 만드는 영화! 이런 일이 21세기 대한민국에서 아직도 일어난다는 사실에 치가 떨린다.
1,칸 기립박수 친거 잠 깨려고 친거 아님? 아니면 드디어 끝나서 너무 기뻤던 나머지 기립한거지
10,재밌습니다! 마녀2는 징검다리의 역할로 세계관 확장을 위한 영화인 것 같습니다. 마녀3도 기대할게요
10,취향저격 제대로 당함 넘 멋진 영화였음ㅠㅠㅠ
10,볼거리는충분한거같아요
4,진짜 1을 정말 재미있게 본사람으로서 말합니다정말 쓸데없이 말은 많고 욕이 정말 개연성없이 많이 나와요액션도 1보다는 못한거같아요 근데 마지막장면보고 3는 정말기대될거같아요
5,알맹이 없는 두시간짜리 아동용 만화 고양이는 귀여움 다른 캐릭터는 무매력
2,영화 끝날때까지 줄거리 이해가 안갔어요..
10,삭스가 우주룰 구한다.... 귀여움으로 지구 뿌셔 ♥ 내 심장 뿌셔 ㅋㅋㅋㅋ 크리스에반스 목소리 덕분에 넘 즐거웠어요!!
10,.
10,지금 여기서 행복해지자
6,열정이 참 대단하네..
10,"박수 받는 이유가 있다!!지금 한국에 <버려지는 아이들>만큼 무겁고 현실적인 소재도 없을 것이다.  아이들이 버려지고, 학대 받고, 살해당하는 사건들이 지속되고 있음에도 멈추기는 커녕 뉴스에서는 또 또 또..이 영화는 각 캐릭터들의 존재 자체가 가슴을 먹먹하게 만든다. 영화 너무 재미있게 봤고 배우들의 연기도 훌륭하다. 감독이 <베이비박스>를 소재로 영화를 만든 거 자체가 대단하다는 생각을 했다."
10,삭스만으로 충분ㅋㅋㅋ삭스 보러 또 보러 갈거임ㅋㅋㅋ
2,소림축구 생각났다^_^
1,지루하네ㅡㅡ걍 김다미로 이어지는거로 만들었으면 좋았잖아 에휴
2,솔찍히 전개가 제대로 이루어지지도않은 느낌그냥 평가로하자면  마녀1편은 장편소설을  영화로 축소해서 잘 표현했다 생각한다면 마녀2편은 단편소설을  쓸내용이 없어서 늘려놓은 느낌 그냥 죽이기만하는 액션을 위한다면 강추 하지만 스토리까지 원한다면 비추  진짜 재미없음
10,동심 자극하는 우주 모험극! 버즈 행복하자!
7,박훈정의 X맨 블러드 워터파크
10,영상이 넘 저아여!!! 영화가 주는 교훈도 짱짱
1,제발 애들보는 애니메이션에까지 PC쳐 넣지 좀 마.
10,적당한 유머요소들과 디즈니픽사 특유의 감성이 좋았습니다
4,"마녀1을 거의 다섯번, 여섯번 봤는데 ㅡ기대를 너무해서 그런가요. ㅠ 지루했어요."
4,"마녀1을 거의 다섯번, 여섯번 봤는데 ㅡ기대를 너무해서 그런가요. ㅠ 지루했어요."
10,우주 비행 멋있네요 -_-b
5,모든 세상사람들이 피노키오처럼 거짓말 하면 코가 늘어난다면 참 볼만한 세상이겠다...ㅋㅋ
9,적당히 재밌움
10,감사합니다 잘봤습니다
10,버즈를 다시 볼 수 있어서 행복할뿐♥
10,마동석배우님 근육귀요미올만에 꿀잼 영화봤어요.
10,모든 캐릭터들이귀여웠던 영화!
9,"어릴 적 처음으로 가장 높은 점수를 주었던 영화... 시간이 흘러 다시 보며 분명 실컷 웃었는데 마음이 너무 아리다. 보이지 않았던 것들이 보였다. 옛날, 함께 보면서 눈물을 흘리던 아빠의 모습이 떠올라 다시는 이 영화를 또 볼 수 없을 것만 같았다. 시간이 흐르고 나도 많이 흘러왔구나... 편견과 악의라는 사람들의 본질 사이에 숭고한 이타심과 사랑을 알려준 내 추억의 명화. 오랜만에 전화한 아빠가 잘 지내고 있어? 어떻게 지냈는지 궁금했잖아라고 하셨던 말에 눈물이 핑"
10,마녀 1 cable tv로 4번 정도 봐서 엄청 기대하고 봤는데 마녀1 정도의 임팩트는 없지만 역쉬~~~!!! 재미있습니다40대 중반인데... 마녀1을 너무 재미있게 봐서 마녀2를 극장에 혼자 가게 만드는 영화~~
2,"정말 실망스러워요.. 각본이 잘못됬습니다. 배우들이 하나같이 대사가 ㅅㅂ, 새끼야.  밖에 할줄아는 단어가 없나요? 욕이시른게아니라 너무 억지 대본에 책읽는 느낌.. 눈살찢부려지는? 마녀액션 좋았지만 신시아 배우분의 캐릭터 설정이 선넘은 초인이네요 차라리 마블을 하지? 라는생각이 드네요 마녀1만이 가지고있는 매력과 느낌이 없어져버렸네요"
10,액션 진짜 미쳤네 ㅎㄷㄷ끝에 10분 김다미 임펙트 개쪄네요~
10,간만에 너무너무 즐거웠던 시간이였네요 추억이 새록새록^^
4,영화 보는 내내 지겨워 ... 마지막 10분 정도만 몰입이 됨
5,기대보다는 별로였다
6,너무 기대가 컸던걸까.. 음..
10,일단 첫승합차씬 CG는 완성본이 맞나 싶을정도로  초등생이 봐도 어색한 CG였습니다. 덱스터가 참여한것같은데..어떻게 이런CG가 나온건지 의하합니다. 시간이 꽤 있었음에도 실망스러웠습니다.이런류의 영화는 현실속에는 없기때문에 CG가 얼마나 자연스러운가에 달려있다고 생각합니다.어벤져스의 그것은 아니더라도 장난같은 어색한 CG는 아닌듯합니다. 후반부의 야간에 이루어지는 신은 한국영화에서는 보기드분 압도적인 장면들이었습니다. 특시 마녀2를 기다렸던 사람들이 기대했던 그 압도적인 무언가를 감독님이 정확히 읽고 그대로 구현된듯했습니다. 입이 떡벌어지는 장면 들이었습니다. 물론 슈퍼맨 맨오브스틸 같은 CG를 연상시키지만. 그것보다는 그분위기가 압도적이어서 좋았습니다. 장면은 새로운것이 없을지라도 분위기만큼은 정말 압도적이었습니다.  그리고 마지막에 등장.. 1편과 자연스럽게 연결되는것들이 .. 그럼에도 이시리즈의 3편을 또 기대하게 만듭니다. 제발 흥행이 어느정도 성공해서 꼭 3편도 보기를 희망합니다. 3년이나 기다려왔으니까요.  조금씩 성장해가는 한국 SF영화르 기대해 봅니다. 꼭 성공해서 세계적인 시리즈가 되기를 기대해 봅니다.
10,처음부터 끝까지 시간 가는 줄 모르고 관람... 액션영화답게 액션 하나는 끝내준다
10,난 재밌는데..왜  그런거지
10,볼만합니다 cg 좋네요
10,와어찌 볼때 마다 재미 있니와 너 이거 아직도 안봤니?
10,손석구 연기ㅣ가 진짜 미쳤어요 이 영화 강츠ㅜ합니다
10,기대이상이였어요 너무 재밌게 봤어요^^
10,"마녀1을 보았던 분들에게는 확실한 재미와 서사, 액션을 볼 수 있음. 다만, 감독 연출이 예전보다는 좀 떨어짐....~! 그럼에도 불구하고, 이 영화는 3편을 반드시 봐야할 영화임~"
7,킬링타임용으로 저는 좋았습니다 ㅎㅎ 영화관에서 영화를 볼 수 있다는 것만으로 감사하면서 보니 즐거웠어요
10,
9,마녀2는 화끈한 액션에 몰빵한 느낌마녀3가 빨리 나왔으면 좋겠습니다.
9,1편의 연장이라기 보단 제목대로 다른 마녀의 스토리라 1편의 팬인 사람들은 기대에 못미쳐서 아쉬울 수 있을듯. 그래도 2편 자체로는 재밌었어요. 3편을 위한 세계관을 만들고 스케일을 키우는 느낌
8,내용은 별로입니다액션은 끝내주네요..
6,이야기가 좀어렵다해야되나 ㅋㅋ총싸움씬에선 영웅본색찍는줄...  1보다는 별로임..그 중사 여자? 배우는 연기가..아휴..너무못함 ㅋ
6,"스토리, 연기등은 괜찮아요!  그러나 기대하지 마시고 관람하시길~~3편도 나올것 같네요!"
1,보지마세요 배우 대사 스토리 연기 다 부족합니다.. 돈주고 보기 아까워요
7,바짝 쪼아라.
10,저는 재밌게 봤습니다.
10,액션신 좋고 재미있었습니다.마녀3에서 떡밥들 다 회수되겠죠?
10,한란국에서 이정도 스케일이 나올 줄은 멀랐음..감동이고 액션씬 탑이다
1,"그대가 조국 , 그댓가 좋국"
2,하.. 박감독님 실망이 말이 아니에요
2,"걍 돈남고 시간남는 사람들 보면좋을듯..스토리도 그지같고, 초반 스타렉스 씬에서  CG 는 반도 수준임 ㅎㅎ"
10,몰입도가 장난 아니에요 시간 가는줄 모르고 봤네요 재밋었어요!!!
7,형만한 아우가 없지만 그래도 쏘쏘..
2,장유정 감독님께서 전라남도 여수?
10,와~ 애니로 보는 우주의 장대함~
6,"부모로서 아이들에게 보여주는 게 너무 고민되고, 망설여지는 건 어쩔 수 없네요.. ㅠㅠ 그래서 아쉬워요.. 우리 어릴 적 디즈니와 픽사는 너무 좋았는데.."
10,액션씬도 화려하고 유머도 있고 재미있다
10,실화라 더 감동있어요~
7,.
10,"걸작 sf인 감독의 전작(컨텍트)가 이 영화를 위한 예행연습처럼 느껴질 정도. 영상, 음악, 스토리, 연기 모든 면에서 우뚝 선 영화적 체험을 경험하게 해준다. 거기다 저변에 흐르는 그 쓸쓸한 정서까지. 숨도 못쉬고 본 몇 안되는 영화"
10,태어나서 영화리뷰 처음 남겨봄. 마녀1을 재밌게 봤고 그 포인트가 연출과 액션이었다면 더 재밌을거라고 확신함. part1 이후 4년 기다려서 기대많이 했는데 기대만큼 혹은 기대이상이었음
10,너무 재밌게 봤습니다 제 인생작으로 남을거 같습니다
1,연출 쓸데없이 지루하고 배우들 딕션이 너무 어색해서 영화에 몰입이 하나도 안됐어요.. 중간에 잤습니다... 중간에 영어욕 한글욕 쓸데없이 많이 들어가고 심지어 그 마저도 살지 않았어요.. 얼마 안 되는 웃음 포인트도 만들다 만 느낌.. 오랜만에 돈과 시간이 아까운 영화였어요 ㅠㅠ
2,아기가 순둥한 연기를 정말 잘해요 바로앞 관람객이 엄청  고개 떨구며 자는 모습만  두시간 지켜 봤네요
8,"너무 밸붕이라서 아쉽긴 하지만 악랄한 자에 맞서는 압도적인 물리적 힘의 타격감을 실감 나게 보여주는 것이 이 시리즈의 묘미 아닌가 싶네요. 여름철에 시원하게 잘 봤습니다. 기존에 피지컬한 형사와 부정의한 권력자가 대립하는 구도에서는 볼 수 없는, 날 것의 충돌 경험이 여전히 2번째 시리즈에도 유효하다는 걸 보여주었네요. 재밌습니다. 개인적으로 3편에서는 그나마 마석도에 조금  더 대적할 수 있는 강력한 빌런이 나오길 소망하면서 절대 지능형 범죄자나 권력형 범죄좌와의 대결 구도로 가진 않았으면 하네요. 공공의 적이 범죄자가 엘리트라는 점이 있었지만 그들의 대결 구도도 법의 테두리는 벗어난 싸움이었기에 흥미가 있었던 것처럼 이 시리즈는 방향을 잃지 않고 잘 갔으면 합니다. 빌런에 장혁 님이 딱일 것 같은데..."
